text,label
倡,1643
倡家,43
倡家少,1681
倡家少妇,667
倡家少妇不,927
倡家少妇不须,249
闻,1020
闻就,1798
闻就庞,784
闻就庞公,839
眷,764
眷言,902
眷言华,22
眷言华省,968
怡,1337
怡然,971
怡然敬,1078
怡然敬父,1477
击,219
击鼍,768
深,542
深山,798
深山大,1860
深山大泽,1747
深山大泽龙,498
深山大泽龙蛇,1276
何,843
何由,1829
何由满,975
何由满衣,1565
名,2012
名垂,1780
名垂万,2326
名垂万古,1423
名垂万古知,1569
名垂万古知何,1685
夜,1962
夜深,1611
夜深殿,1853
夜深殿突,1949
感,1425
感子,910
感子故,258
感子故意,593
窃,1895
窃比,2337
窃比稷,2248
窃比稷与,1188
至,2038
至竟,1394
至竟息,585
至竟息亡,2080
至竟息亡缘,1
至竟息亡缘底,919
晋,1686
晋阳,48
观,1536
观水,1958
观水百,250
观水百丈,1596
式,2063
式瞻,2148
式瞻北,1329
式瞻北邻,463
飘,977
飘零,1166
飘零君,667
飘零君不,1016
常,2072
常恨,844
常恨结,779
常恨结欢,2229
回,1967
回斡,242
回斡裂,664
回斡裂地,2013
即,919
即事,1956
即事非,271
即事非今,231
即事非今亦,1956
即事非今亦非,2326
枥,1574
枥嘶,1921
枥嘶支,792
枥嘶支遁,718
狙,666
狙犷,1287
万,365
万草,1882
万草千,2057
万草千花,45
万草千花动,1644
万草千花动凝,1345
刻,624
刻烛,1519
刻烛限,661
刻烛限诗,2208
自,105
自是,1166
自是君,2014
自是君身,1498
自是君身有,203
自是君身有仙,685
卓,1482
卓立,1965
卓立天,685
卓立天骨,126
卓立天骨森,911
卓立天骨森开,336
流,1108
流寓,157
流寓理,1939
流寓理岂,176
相,743
相许,752
相许宁,2300
相许宁论,1295
相许宁论两,1037
相许宁论两相,1314
降,286
降魁,67
小,1914
小斋,996
小斋松,1505
小斋松影,1528
小斋松影拂,1379
小斋松影拂云,1474
奉,2152
奉辞,1414
奉辞还,1005
奉辞还杖,481
抚,1320
抚迹,1595
抚迹犹,597
抚迹犹酸,2101
岁,1589
岁暮,1958
岁暮百,365
岁暮百草,977
未,1710
未逢,1024
未逢调,972
未逢调鼎,1685
鸣,2224
鸣笳,2323
鸣笳擂,768
鸣笳擂鼓,2177
鸣笳擂鼓拥,711
鸣笳擂鼓拥回,1647
深,784
深公,89
深公笑,1982
深公笑买,542
何,1855
何必,1304
何必东,1157
何必东南,1306
翠,1603
翠微,447
翠微z,1271
翠微zc,1915
翠微zc叶,2012
翠微zc叶垂,224
翠微zc叶垂鬓,1970
离,1182
离思,417
离思苦,1722
离思苦萦,2215
香,1028
香汗,1246
香汗轻,988
香汗轻尘,1636
香汗轻尘污,2313
香汗轻尘污颜,1625
世,1228
世复,1246
世复轻,49
世复轻骅,853
申,1346
申掌,765
俱,1034
俱为,1252
俱为五,2307
俱为五侯,383
墙,1435
墙头,107
墙头过,2133
墙头过浊,2254
我,1647
我军,1694
我军青,859
我军青坂,1699
我军青坂在,1304
我军青坂在东,1919
堂,2120
堂上,1679
堂上书,848
堂上书生,561
堂上书生空,323
堂上书生空白,1435
岂,105
岂是,1166
岂是君,1919
岂是君门,667
岂是君门不,798
岂是君门不大,911
游,1743
游鱼,2177
游鱼拥,1123
游鱼拥钓,998
何,2074
何人,630
何人教,1069
何人教我,559
何人教我吹,593
何人教我吹长,973
霄,741
霄汉,114
霄汉几,183
霄汉几多,958
霄汉几多同,2261
霄汉几多同学,274
未,1498
未有,2097
未有世,2074
未有世人,757
璧,805
璧房,2084
璧房锦,1611
璧房锦殿,1037
璧房锦殿相,785
璧房锦殿相玲,1336
坡,1483
坡陀,2006
坡陀金,2100
坡陀金虾,2083
犹,1243
犹挂,365
犹挂草,879
犹挂草堂,359
非,1634
非无,750
非无江,697
非无江海,1046
回,481
回策,1627
回策返,1875
回策返吾,1470
奔,798
奔大,671
包,668
包羞,898
包羞忍,1041
包羞忍耻,105
包羞忍耻是,1341
包羞忍耻是男,1198
以,2251
以兹,633
以兹悟,848
以兹悟生,157
谁,1423
谁知,1436
谁知文,2239
谁知文举,576
四,659
四座,1088
四座皆,1143
四座皆辟,1070
下,105
下是,664
彤,428
彤庭,297
彤庭所,1063
彤庭所分,1263
秋,998
秋来,1931
秋来未,18
秋来未曾,1016
秋来未曾见,323
秋来未曾见白,1845
来,1199
来时,1414
来时还,992
来时还下,777
来时还下杜,1896
来时还下杜陵,1634
反,763
反锁,2166
反锁衡,1919
反锁衡门,1306
反锁衡门守,917
反锁衡门守环,423
归,1498
归有,1567
暂,1528
暂拂,697
暂拂海,1453
暂拂海池,2246
推,1645
推摧,1449
推摧主,1886
推摧主母,947
推摧主母牵,992
推摧主母牵下,879
子,1379
子云,2123
子云识,505
子云识字,439
子云识字终,1059
子云识字终投,869
慎,2271
慎勿,955
慎勿出,321
慎勿出口,1976
慎勿出口他,2074
慎勿出口他人,55
幽,322
幽赏,1931
幽赏未,1379
幽赏未云,1691
除,703
除恶,740
除恶务,357
除恶务本,602
旁,1808
旁舍,766
旁舍颇,640
旁舍颇淳,504
千,2006
千金,2087
川,887
川原,918
川原纷,2256
川原纷眇,783
帝,2020
帝怒,992
帝怒下,380
将,1647
将军,48
将军武,76
将军武库,576
澒,506
澒洞,667
澒洞不,1208
澒洞不可,939
结,726
结翠,2208
结翠成,511
结翠成新,1672
飞,2150
飞翼,834
飞翼耸,1246
飞翼耸轻,720
文,515
文章,721
文章得,968
文章得旧,386
寒,750
寒江,1517
寒江浪,1140
寒江浪起,1882
寒江浪起千,590
寒江浪起千堆,72
何,1291
何如,532
何如石,797
何如石岩,2040
新,353
新炊,169
新炊间,551
新炊间黄,10
奉,2046
奉使,384
奉使推,17
奉使推能,1674
献,200
献号,1965
献号天,1208
献号天可,1028
乃,471
乃信,2285
乃信神,48
乃信神武,1331
齐,1298
齐鲁,1694
齐鲁青,1931
齐鲁青未,488
梅,3
梅径,1176
梅径香,1848
梅径香寒,436
梅径香寒蜂,1931
梅径香寒蜂未,1423
风,1964
风骚,1774
风骚共,384
风骚共推,1946
勤,278
勤王,667
勤王不,234
勤王不暂,1428
云,1962
云深,143
云深庙,1276
云深庙远,667
云深庙远不,1208
云深庙远不可,14
向,998
向来,1200
向来哀,1149
向来哀乐,1569
向来哀乐何,1248
向来哀乐何其,183
行,65
行歌,1956
行歌非,839
行歌非隐,156
蒲,602
蒲根,1536
蒲根水,1835
蒲根水暖,890
蒲根水暖雁,1238
蒲根水暖雁初,623
宗,1580
宗之,716
宗之潇,1416
宗之潇洒,1445
宗之潇洒美,43
宗之潇洒美少,1515
骜,667
骜不,1208
骜不可,711
营,1995
营幕,1764
营幕傍,1229
营幕傍临,452
营幕傍临月,2001
营幕傍临月窟,1848
杜,361
杜曲,399
杜曲幸,1498
杜曲幸有,1513
杜曲幸有桑,1910
杜曲幸有桑麻,438
移,463
移居,1728
移居近,506
移居近洞,1692
都,1546
都邑,1017
都邑固,1706
都邑固以,584
嵩,1686
嵩阳,1498
嵩阳有,910
嵩阳有故,1042
遍,2334
遍观,1379
遍观云,2211
遍观云梦,760
故,2074
故人,271
故人今,463
故人今居,1425
故人今居子,1741
故人今居子午,2234
空,634
空望,1065
空望郢,1919
空望郢门,169
童,2313
童颜,1355
童颜若,1208
童颜若可,1883
白,1845
白日,919
白日事,593
白日事长,2012
酒,667
酒不,662
酒不到,1485
酒不到刘,1413
酒不到刘伶,1258
酒不到刘伶坟,2120
酒不到刘伶坟上,899
高,65
高歌,80
高歌唱,97
高歌唱太,1474
西,750
西江,654
西江波,1517
西江波浪,1276
西江波浪远,2135
西江波浪远吞,561
大,1198
大儿,1664
大儿聪,2095
大儿聪明,662
水,2057
水花,1267
水花晚,1625
水花晚色,1195
暮,759
暮途,1002
暮途涕,370
暮途涕泗,977
被,2032
被褐,1374
被褐短,935
被褐短窄,224
被褐短窄鬓,1291
被褐短窄鬓如,1441
众,1296
众宾,1088
众宾皆,1750
众宾皆醉,1069
众宾皆醉我,1938
众宾皆醉我独,1957
李,202
李邕,1545
李邕求,2123
李邕求识,2114
渭,361
渭曲,1267
渭曲晚,87
渭曲晚旌,334
回,1506
回首,1291
回首如,667
回首如不,1751
倜,1371
倜傥,1928
倜傥权,1036
倜傥权奇,300
倜傥权奇难,460
倜傥权奇难具,2300
吹,1747
吹龙,973
故,2074
故人,1318
故人昔,839
故人昔隐,1304
故人昔隐东,2028
故人昔隐东蒙,1969
纵,1127
纵傲,667
纵傲不,1069
纵傲不我,1366
残,2057
残花,1349
残花烂,16
残花烂熳,911
残花烂熳开,1569
残花烂熳开何,2042
去,1275
去住,230
去住彼,484
去住彼此,1634
去住彼此无,1351
去住彼此无消,1394
衰,440
衰病,2072
衰病恨,1634
衰病恨无,17
毛,1034
毛为,527
毛为绿,1007
毛为绿缥,1295
毛为绿缥两,1680
毛为绿缥两耳,551
池,1852
池养,1015
池养右,1647
池养右军,155
朱,2242
朱轮,726
朱轮翠,1061
朱轮翠盖,667
朱轮翠盖不,1992
朱轮翠盖不胜,1767
同,1251
同辇,567
同辇随,1166
同辇随君,2175
同辇随君侍,1166
同辇随君侍君,891
飞,781
飞电,1609
飞电常,1699
飞电常在,815
世,919
世事,1295
世事两,1397
世事两茫,1397
孟,479
孟冬,874
孟冬十,1719
孟冬十郡,1051
孟冬十郡良,1643
孟冬十郡良家,1425
岁,521
岁晏,484
岁晏此,878
岁晏此中,2058
馆,105
馆是,1687
馆是招,291
馆是招贤,1143
隅,815
隅目,1694
隅目青,810
隅目青荧,1854
隅目青荧夹,1709
隅目青荧夹镜,677
构,1089
构厦,1939
构厦岂,1379
构厦岂云,413
邮,1203
邮亭,2097
邮亭世,1019
邮亭世自,1094
千,797
千岩,1780
千岩万,453
千岩万壑,2057
千岩万壑花,1088
千岩万壑花皆,1375
伏,2233
伏枥,1699
伏枥在,997
伏枥在坰,561
伏枥在坰空,798
伏枥在坰空大,717
劝,383
劝客,1960
劝客驼,1008
劝客驼蹄,487
旷,760
旷野,200
旷野号,401
旷野号禽,2125
弥,984
弥巴,1392
弥巴蔽,1430
青,105
青是,127
青是烽,2286
青是烽烟,323
青是烽烟白,2074
青是烽烟白人,685
惟,692
惟帝,1580
惟帝之,422
仙,1630
仙郎,1899
仙郎接,742
仙郎接献,328
两,664
两地,2338
两地差,1453
两地差池,2072
青,941
青鸟,392
青鸟飞,565
青鸟飞去,1704
青鸟飞去衔,1427
青鸟飞去衔红,406
张,2150
张翼,1600
张翼纵,1775
张翼纵漠,201
越,1013
越罗,1550
越罗蜀,2084
越罗蜀锦,2006
越罗蜀锦金,1473
越罗蜀锦金粟,2213
过,383
过客,1938
过客独,1947
过客独潸,1337
彭,1860
彭泽,1035
彭泽先,848
彭泽先生,1378
谁,674
谁怜,151
谁怜问,2010
谁怜问津,1674
銮,1512
銮刀,1553
銮刀缕,867
銮刀缕切,561
銮刀缕切空,918
銮刀缕切空纷,969
无,1377
无风,1278
无风坐,231
无风坐亦,1307
道,6
道林,576
道林才,667
道林才不,2097
野,2137
野童,1481
野童扶,1750
野童扶醉,557
已,772
已悲,1856
已悲素,588
已悲素质,567
已悲素质随,1199
已悲素质随时,1212
泥,1636
泥污,1207
泥污后,899
泥污后土,1569
泥污后土何,1199
泥污后土何时,900
平,201
平沙,1237
平沙际,1965
平沙际天,1988
猛,1980
猛虎,1367
猛虎落,1144
猛虎落陷,2330
双,1141
双行,1502
双行洛,1686
双行洛阳,1317
与,267
与尔,958
与尔同,181
与尔同销,1780
与尔同销万,2326
与尔同销万古,466
万,2230
万象,1379
万象云,641
万象云气,878
古,2092
古镇,1512
古镇刀,1475
古镇刀攒,1780
古镇刀攒万,1867
古镇刀攒万片,257
玉,2074
玉人,1569
玉人何,385
玉人何处,630
玉人何处教,559
玉人何处教吹,1927
州,948
州县,872
州县勤,278
州县勤王,919
主,2074
主人,911
主人开,968
主人开旧,979
去,1199
去时,2066
去时里,530
去时里正,2248
去时里正与,1424
去时里正与裹,1435
言,904
言避,272
言避一,1199
言避一时,1391
遗,1436
遗文,110
遗文宋,1526
遗文宋玉,764
迹,1801
迹籍,1864
迹籍台,2334
迹籍台观,968
还,1169
还伤,1882
还伤千,483
还伤千岁,1303
如,2193
如周,278
如周王,1732
如周王会,1679
七,1425
七子,2300
七子论,661
七子论诗,198
七子论诗谁,2104
七子论诗谁似,784
守,135
守臣,667
守臣不,1971
山,1508
山腰,2295
山腰度,532
山腰度石,560
各,1498
各有,51
各有稻,10
各有稻粱,773
饥,261
饥鹰,1931
饥鹰未,1763
饥鹰未饱,734
黄,988
黄尘,2225
黄尘翳,201
黄尘翳沙,1775
放,65
放歌,766
放歌颇,466
放歌颇愁,1581
烹,1384
烹羊,603
烹羊宰,1335
烹羊宰牛,2115
烹羊宰牛且,1034
烹羊宰牛且为,1149
阻,1377
阻风,878
阻风中,90
阻风中酒,107
阻风中酒过,1515
阻风中酒过年,1515
纨,1233
纨袴,667
纨袴不,133
纨袴不饿,54
倒,677
倒悬,700
倒悬瑶,1453
倒悬瑶池,1505
流,1048
流泉,400
流泉绕,880
流泉绕砌,711
蕴,2073
蕴真,176
蕴真惬,297
蕴真惬所,50
乘,1896
乘陵,767
乘陵破,542
乘陵破山,1919
烟,923
烟容,911
烟容开,1276
烟容开远,1210
短,975
短衣,1626
短衣匹,718
短衣匹马,567
短衣匹马随,1079
短衣匹马随李,1209
岂,1938
岂独,1113
岂独感,118
岂独感恩,1423
傲,257
傲霜,11
累,550
累累,373
累累塠,2257
累累塠阜,2102
累累塠阜藏,2284
累累塠阜藏奔,1853
诸,1556
诸翁,207
诸翁乃,203
诸翁乃仙,1350
脱,1184
脱帽,894
脱帽露,1937
脱帽露顶,278
脱帽露顶王,784
脱帽露顶王公,359
我,247
我辈,1228
我辈复,1220
我辈复登,1229
罗,2054
罗帏,838
罗帏夕,1931
罗帏夕未,561
但,1671
但恐,312
但恐芳,885
但恐芳菲,1634
但恐芳菲无,530
但恐芳菲无正,1625
年,902
年华,1228
年华复,1699
年华复在,1259
连,327
连穹,1470
门,1634
门无,1373
门无俗,835
门无俗士,1608
至,271
至今,682
至今斑,1760
至今斑竹,1229
至今斑竹临,750
至今斑竹临江,920
日,334
日旗,1747
日旗龙,84
日旗龙旆,762
日旗龙旆想,1390
日旗龙旆想飘,1717
已,1228
已复,593
已复长,2100
已复长虾,2083
琳,1454
琳琅,2149
琳琅愈,1694
琳琅愈青,810
朱,2313
朱颜,231
朱颜亦,342
朱颜亦已,1365
诗,1326
诗看,1425
诗看子,1457
诗看子建,657
丹,1812
丹灶,1238
丹灶初,911
丹灶初开,414
楚,278
楚王,1247
楚王憔,1491
楚王憔悴,688
楚王憔悴魂,1604
楚王憔悴魂欲,181
新,1796
新鬼,467
新鬼烦,591
新鬼烦冤,968
新鬼烦冤旧,1796
新鬼烦冤旧鬼,2331
主,2128
主将,1487
主将泪,2122
主将泪洗,115
主将泪洗鞭,1435
主将泪洗鞭头,2216
帟,1995
帟幕,1821
帟幕英,2004
帟幕英僚,1003
乏,1674
乏者,1567
智,1667
智勇,769
智勇伏,775
智勇伏囚,2141
生,1609
生常,1000
生常免,2293
生常免租,945
荣,464
荣期,1149
荣期乐,1019
荣期乐自,183
慷,665
慷慨,2282
慷慨匡,1199
慷慨匡时,1340
边,1897
边氓,1159
遥,1016
遥见,532
遥见石,1932
遥见石梁,329
知,1166
知君,484
知君此,199
知君此计,2208
知君此计成,593
知君此计成长,95
呼,1198
呼儿,2128
呼儿将,955
呼儿将出,1094
呼儿将出换,1445
呼儿将出换美,90
不,1862
不爱,1168
不爱好,1410
不爱好光,902
花,637
花蕊,2179
花蕊四,1199
花蕊四时,312
东,1846
东园,1744
东园桃,1079
东园桃李,1867
东园桃李片,1199
东园桃李片时,1767
烟,414
烟火,1229
烟火临,1848
烟火临寒,1703
冯,1896
冯陵,798
冯陵大,625
冯陵大叫,165
冯陵大叫呼,1252
冯陵大叫呼五,323
鸳,1422
鸳鸯,1453
鸳鸯池,2120
鸳鸯池上,1295
鸳鸯池上两,1295
鸳鸯池上两两,392
埙,1284
埙篪,1916
埙篪实,1273
埙篪实弟,1861
人,1303
人心,357
人心本,1634
人心本无,1751
力,1208
力可,1706
力可以,2144
或,545
或傅,2077
或傅于,1054
惟,2074
惟人,1580
惟人之,2304
遂,343
遂令,798
遂令大,1426
遂令大奴,1306
遂令大奴守,1965
遂令大奴守天,1697
昨,2018
昨夜,2128
昨夜将,1647
昨夜将军,1455
昨夜将军连,816
昨夜将军连晓,1167
魏,2315
魏阙,2166
魏阙衡,1919
魏阙衡门,2191
魏阙衡门路,1019
魏阙衡门路自,1063
郑,1616
郑氏,576
郑氏才,2238
郑氏才振,2326
霸,1449
霸主,223
霸主业,1931
霸主业未,387
艰,300
艰难,2097
艰难世,919
艰难世事,279
咫,2213
咫尺,1323
咫尺但,466
咫尺但愁,1107
咫尺但愁雷,313
咫尺但愁雷雨,2027
定,1196
定厥,1331
况,348
况闻,1785
况闻内,2006
况闻内金,138
临,1377
临风,1623
临风三,1315
临风三嗅,477
临风三嗅馨,1176
临风三嗅馨香,1631
闻,1166
闻君,231
闻君亦,183
闻君亦多,1113
野,2074
野人,860
野人对,1479
野人对膻,956
烈,1794
烈烈,278
烈烈王,1674
烈烈王者,866
云,2295
云度,527
云度绿,888
云度绿溪,678
圣,378
圣朝,231
圣朝亦,1423
圣朝亦知,214
圣朝亦知贱,835
圣朝亦知贱士,1804
知,105
知是,1037
知是相,784
知是相公,1647
君,667
君不,1016
君不见,551
君不见黄,895
君不见黄河,1580
君不见黄河之,1536
君不见黄河之水,1965
君不见黄河之水天,2120
君不见黄河之水天上,998
迹,2110
迹辱,688
迹辱魂,225
迹辱魂惭,1168
迹辱魂惭好,1019
迹辱魂惭好自,2245
恩,31
恩义,958
恩义同,96
恩义同钟,1079
半,153
半陂,342
半陂已,1157
半陂已南,1700
半陂已南纯,1720
半陂已南纯浸,542
况,105
况是,1694
况是青,1767
况是青春,1845
况是青春日,2128
况是青春日将,1589
许,2014
许身,272
许身一,1569
许身一何,1405
壮,1056
壮夫,1199
壮夫时,248
壮夫时屈,959
九,899
九土,836
时,998
时来,645
时来憩,2284
时来憩奔,330
苔,19
苔矶,561
苔矶空,989
苔矶空属,1123
苔矶空属钓,1743
苔矶空属钓鱼,1630
避,1223
避楫,1199
避楫时,1534
避楫时惊,485
漱,453
漱壑,996
漱壑松,283
漱壑松柏,1464
亦,667
亦不,1034
亦不为,138
亦不为盘,1540
勍,1674
勍者,1942
予,231
予亦,2128
予亦将,800
予亦将琴,1080
君,513
君莫,89
君莫笑,1485
君莫笑刘,2019
君莫笑刘毅,642
君莫笑刘毅从,998
君莫笑刘毅从来,246
君莫笑刘毅从来布,975
君莫笑刘毅从来布衣,2316
竹,6
竹林,1962
竹林深,1257
竹林深笋,1086
君,667
君不,1016
君不见,576
君不见才,835
君不见才士,1538
君不见才士汲,451
君不见才士汲引,300
池,1203
池亭,1252
池亭五,452
池亭五月,911
水,864
水精,1580
水精之,138
水精之盘,1141
水精之盘行,1856
水精之盘行素,793
壶,90
壶酒,386
壶酒朋,132
壶酒朋情,1117
骏,175
骏尾,936
骏尾萧,2079
骏尾萧梢,1444
骏尾萧梢朔,1377
骏尾萧梢朔风,1140
咸,12
咸称,1965
咸称天,1425
咸称天子,2285
惜,1166
惜君,553
惜君只,1604
惜君只欲,417
惜君只欲苦,54
惜君只欲苦死,2130
鸡,1877
鸡犬,522
鸡犬图,1679
鸡犬图书,1774
鸡犬图书共,272
鸡犬图书共一,663
汝,1350
汝伯,1569
汝伯何,843
汝伯何由,478
汝伯何由发,1291
汝伯何由发如,2198
容,1182
容思,711
容思回,6
容思回林,997
伊,2074
伊人,1235
伊人强,1076
伊人强猛,1595
伊人强猛犹,1291
伊人强猛犹如,484
梅,1071
梅衰,1931
梅衰未,1145
梅衰未减,280
炎,452
炎月,2148
炎月北,2065
炎月北窗,992
吾,712
吾道,1606
吾道昧,297
吾道昧所,1091
群,1300
群冰,642
群冰从,472
群冰从西,992
尚,674
尚怜,439
尚怜终,1157
尚怜终南,542
心,965
心清,348
心清闻,362
心清闻妙,1176
秦,1299
秦皇,667
秦皇不,391
秦皇不肯,64
秦皇不肯敛,1333
秦皇不肯敛手,992
秦皇不肯敛手下,201
秦皇不肯敛手下沙,605
树,38
树羽,1229
树羽临,1272
树羽临九,1324
忍,1034
忍为,988
忍为尘,396
忍为尘埃,1057
至,2038
至竟,750
至竟江,542
至竟江山,198
至竟江山谁,105
至竟江山谁是,1449
取,89
取笑,958
取笑同,2261
取笑同学,1556
铺,2033
铺施,903
铺施芟,619
泛,1692
泛湖,958
泛湖同,1031
泛湖同逸,412
江,1692
江湖,1750
江湖醉,1689
江湖醉渡,874
江湖醉渡十,1515
江湖醉渡十年,1767
因,363
因声,1295
因声两,1161
因声两京,968
武,1299
武皇,911
武皇开,2026
武皇开边,258
武皇开边意,1931
武皇开边意未,342
云,1107
云雷,484
云雷此,667
云雷此不,342
旁,2074
旁人,1423
旁人知,450
旁人知妾,1034
旁人知妾为,1449
旁人知妾为主,2037
奋,392
奋飞,2185
奋飞既,2253
奋飞既胡,967
借,151
借问,271
借问今,1569
借问今何,1865
清,1303
清心,2094
清心听,1584
清心听鸣,41
刘,2307
刘侯,1965
刘侯天,516
刘侯天机,864
树,400
树绕,1256
树绕温,1048
树绕温泉,527
喜,1710
喜逢,2006
喜逢金,718
喜逢金马,383
念,2251
念兹,561
念兹空,593
念兹空长,798
念兹空长大,347
念兹空长大枝,1915
中,1498
中有,1203
中有亭,1203
中有亭亭,688
海,1785
海内,484
海内此,1203
海内此亭,2326
东,2243
东流,1034
东流为,741
东流为汉,301
雄,1377
雄风,848
飞,45
飞动,1645
飞动摧,1234
飞动摧霹,1815
遣,2152
遣辞,1855
遣辞必,878
遣辞必中,1994
北,2120
北上,2111
北上唯,899
北上唯土,542
马,1625
马色,1649
马色虽,667
马色虽不,958
稚,1425
稚子,1634
稚子无,1438
稚子无忧,330
稚子无忧走,1377
稚子无忧走风,313
但,1688
但觉,1131
但觉高,65
但觉高歌,1498
但觉高歌有,1796
但觉高歌有鬼,2285
截,2243
截流,752
截流宁,606
截流宁假,1223
招,2226
招摇,1734
招摇耀,893
驱,718
驱马,2096
驱马却,1260
驱马却迟,1260
挂,1529
挂帆,466
挂帆愁,697
挂帆愁海,2191
商,102
商女,667
商女不,1423
商女不知,585
商女不知亡,1748
商女不知亡国,2072
惯,2280
惯捷,514
惯捷瓶,2120
惯捷瓶上,1333
自,1498
自有,1295
自有两,1198
自有两儿,1630
筹,1795
筹笔,928
筹笔驿,344
筹笔驿沉,1182
为,1546
为邑,399
为邑幸,998
为邑幸来,1159
挂,915
挂席,160
挂席樵,1377
挂席樵风,925
此,1199
此时,472
此时西,565
此时西去,1400
此时西去定,1291
此时西去定如,1569
惊,761
惊燕,231
惊燕亦,1534
惊燕亦惊,498
邮,1203
邮亭,921
邮亭寄,2074
邮亭寄人,2097
秋,1018
秋猿,806
秋猿嗥,806
秋猿嗥嗥,1845
秋猿嗥嗥日,2128
秋猿嗥嗥日将,838
黄,2341
黄鹂,2295
黄鹂度,844
黄鹂度结,1811
天,678
天阴,313
天阴雨,736
天阴雨湿,363
天阴雨湿声,1255
天阴雨湿声啾,1255
重,2120
重上,1166
重上君,1425
重上君子,879
濡,1706
濡以,1817
濡以鸿,1860
不,2248
不与,480
不与八,1768
不与八骏,355
不与八骏俱,1035
不与八骏俱先,1584
三,1252
三五,495
三五二,480
三五二八,2215
三五二八盈,1277
三五二八盈又,413
夜,1724
夜卧,1131
夜卧高,605
夜卧高丘,2211
夜卧高丘梦,2285
夜卧高丘梦神,102
瑶,1605
瑶轩,533
瑶轩绮,1811
瑶轩绮构,1569
瑶轩绮构何,2203
瑶轩绮构何崔,2068
臣,39
臣靖,1477
臣靖执,593
臣靖执长,715
云,314
云车,918
云车纷,43
云车纷少,2130
羽,6
羽林,1037
羽林相,993
羽林相摩,356
邂,1053
邂逅,1939
邂逅岂,1659
邂逅岂即,1956
邂逅岂即非,1051
邂逅岂即非良,522
苔,410
苔涧,1767
苔涧春,1048
苔涧春泉,1829
到,1850
到扉,911
到扉开,1228
到扉开复,1978
坐,2094
坐听,323
坐听白,72
坐听白雪,80
人,848
人生,667
人生不,1037
人生不相,1016
近,784
近公,1291
近公如,323
近公如白,72
笑,1963
笑语,958
笑语同,271
笑语同今,838
乃,105
乃是,2088
乃是蒲,544
乃是蒲城,1796
乃是蒲城鬼,2285
乃是蒲城鬼神,1952
二,1515
二年,383
二年客,1304
二年客东,1054
提,1965
提天,1001
顺,1580
顺之,2077
顺之于,157
主,2074
主人,1870
主人念,1408
主人念老,718
十,1515
十年,955
十年出,1995
十年出幕,2207
天,394
天厩,2073
天厩真,1747
天厩真龙,484
天厩真龙此,1248
天厩真龙此其,1244
岑,1056
岑夫,1425
去,1515
去年,1131
去年高,347
去年高枝,1595
去年高枝犹,2127
去年高枝犹压,664
桔,758
桔槔,127
桔槔烽,414
桔槔烽火,2003
桔槔烽火昼,667
桔槔烽火昼不,1745
暮,567
暮随,66
暮随肥,718
暮随肥马,988
久,383
久客,2022
久客殊,1931
久客殊未,711
扶,450
扶妾,620
扶妾遣,1451
扶妾遣升,879
扶妾遣升堂,2120
扶妾遣升堂上,799
无,1228
无复,967
无复越,431
无复越乡,1438
恐,753
恐惧,26
恐惧弃,942
恐惧弃捐,898
恐惧弃捐忍,847
恐惧弃捐忍羁,412
今,1580
今之,1822
今之画,522
今之画图,1634
今之画图无,207
今之画图无乃,105
游,1425
游子,561
游子空,907
游子空嗟,2012
游子空嗟垂,495
游子空嗟垂二,1953
美,2074
美人,667
美人不,1016
美人不见,466
美人不见愁,2074
美人不见愁人,1303
元,641
元气,2244
元气淋,262
元气淋漓,1570
元气淋漓障,1595
元气淋漓障犹,736
圣,2074
圣人,1308
弱,483
弱岁,1786
弱岁早,1220
弱岁早登,1747
曲,750
曲江,726
曲江翠,1995
曲江翠幕,1029
曲江翠幕排,37
曲江翠幕排银,1950
蚩,2245
蚩尤,770
蚩尤塞,1848
蚩尤塞寒,561
琉,235
琉璃,96
立,1220
立登,1150
立登要,2191
立登要路,2010
士,499
士元,183
士元多,322
士元多赏,1946
会,208
会当,1696
会当凌,1581
会当凌绝,1937
明,1845
明日,1751
明日隔,542
明日隔山,2157
孝,157
孝理,340
孝理敦,1748
孝理敦国,1224
乞,414
乞火,1634
乞火无,2074
乞火无人,1308
乞火无人作,1280
乞火无人作蒯,1154
雨,878
雨中,1958
雨中百,365
雨中百草,1849
雨中百草秋,1349
雨中百草秋烂,54
阴,1686
阴阳,298
阴阳割,924
阴阳割昏,816
金,1921
金支,726
金支翠,334
金支翠旗,1410
金支翠旗光,1498
金支翠旗光有,1634
高,2300
高论,513
高论莫,17
高论莫能,328
英,85
英雄,1498
英雄有,1199
英雄有时,231
英雄有时亦,1291
英雄有时亦如,484
狭,2191
狭路,988
狭路尘,169
狭路尘间,442
狭路尘间黯,2128
狭路尘间黯将,1589
官,1689
官渡,1277
官渡又,938
官渡又改,2217
虔,1242
虔栗,1242
云,1724
云卧,975
云卧衣,263
云卧衣裳,646
纷,918
纷纷,1246
纷纷轻,946
纷纷轻薄,1569
纷纷轻薄何,927
纷纷轻薄何须,755
自,2128
自将,1766
自将磨,2122
自将磨洗,1281
自将磨洗认,359
自将磨洗认前,378
尺,1679
尺书,17
尺书能,667
尺书能不,1322
已,1073
已佩,276
已佩含,586
已佩含景,1987
已佩含景苍,864
已佩含景苍精,1747
折,1471
折戟,2025
折戟沈,201
折戟沈沙,1501
折戟沈沙铁,1931
折戟沈沙铁未,181
田,1846
田园,1699
田园在,741
田园在汉,678
顾,1069
顾我,1194
顾我劳,848
顾我劳生,1569
顾我劳生何,2143
顾我劳生何足,1731
扇,2084
扇锦,2150
何,385
何处,1573
何处倚,855
何处倚阑,900
未,368
未脱,2060
未脱众,1743
未脱众鱼,70
哀,1819
哀垫,924
叶,376
叶密,1584
叶密鸣,1711
叶密鸣蝉,2183
平,848
平生,1760
平生竹,1291
平生竹如,258
秉,1567
秉德,2203
秉德崔,9
秉德崔瑗,139
倏,565
倏去,1192
倏去忽,998
倏去忽来,2070
倏去忽来应,1498
倏去忽来应有,258
东,807
东蛮,1498
东蛮有,1973
东蛮有谢,1616
人,1916
人实,667
人实不,1070
人实不易,1423
惆,465
惆怅,300
惆怅难,1097
惆怅难再,269
窃,348
窃闻,1965
窃闻天,1425
窃闻天子,342
窃闻天子已,1591
窃闻天子已传,227
猥,1628
猥诵,1038
猥诵佳,1761
猥诵佳句,511
人,1498
人有,2120
人有上,1299
人有上皇,1377
金,544
金城,500
金城蓄,473
金城蓄峻,415
命,1580
命之,35
王,1498
王有,1980
王有虎,135
王有虎臣,177
王有虎臣司,1452
王有虎臣司苑,1919
檐,359
檐前,1830
檐前甘,1372
檐前甘菊,1093
檐前甘菊移,1199
檐前甘菊移时,1267
晚,998
晚来,542
晚来山,2221
晚来山更,1345
脱,2014
脱身,2017
脱身簿,296
脱身簿尉,878
辇,359
辇前,576
辇前才,2074
辇前才人,1334
辇前才人带,1997
辇前才人带弓,914
终,1380
终愧,1302
终愧巢,2248
终愧巢与,843
天,664
天地,2325
天地黤,1476
天地黤惨,1192
天地黤惨忽,2265
天地黤惨忽异,1625
扬,1529
扬帆,1381
扬帆截,697
扬帆截海,1141
春,1625
春色,1829
春色满,2174
春色满幽,542
讲,2300
讲论,854
讲论陪,2302
讲论陪诸,1425
人,169
人间,2018
人间夜,186
人间夜寥,2145
乘,965
乘清,470
言,1580
言之,1449
言之主,1078
言之主父,1169
言之主父伤,1449
言之主父伤主,1886
林,1572
林莽,2148
林莽北,1067
林莽北弥,634
阶,359
阶前,1294
阶前群,453
阶前群壑,1962
娇,1130
娇莺,495
娇莺二,452
娇莺二月,1238
庆,1634
庆无,464
昆,1202
昆仑,1893
昆仑崆,2134
昆仑崆峒,1548
官,989
官属,1655
官属果,12
官属果称,105
得,226
得兼,1932
得兼梁,1740
得兼梁甫,1913
怜,1166
怜君,1867
怜君片,1379
怜君片云,1182
五,2057
五花,1173
五花散,1308
五花散作,1379
五花散作云,1829
五花散作云满,2014
阳,1864
阳台,1345
阳台碧,308
阳台碧峭,874
阳台碧峭十,495
阳台碧峭十二,1969
此,2014
此身,693
此身饮,1753
此身饮罢,1634
此身饮罢无,1907
此身饮罢无归,385
长,1565
长袖,1474
长袖平,1686
长袖平阳,361
谈,842
谈玄,2022
谈玄殊,1931
谈玄殊未,342
难,999
难拒,2174
难拒幽,2095
难拒幽明,279
陈,278
陈王,1318
陈王昔,1199
陈王昔时,1213
陈王昔时宴,1474
陈王昔时宴平,1149
陆,516
陆机,495
陆机二,874
陆机二十,1308
陆机二十作,1436
陆机二十作文,419
楚,560
楚关,634
楚关望,2047
楚关望秦,1748
驱,426
驱豺,2250
黎,1580
黎之,1686
河,948
河县,1378
河县柳,6
河县柳林,2026
方,1423
方知,2230
方知象,630
方知象教,940
云,1011
云雾,1496
云雾晦,783
云雾晦冥,1049
云雾晦冥方,2099
云雾晦冥方降,864
浮,1965
浮天,520
浮天渤,1885
浮天渤澥,861
竹,451
竹引,163
竹引携,800
竹引携琴,1952
高,1820
高步,778
高步蹑,902
高步蹑华,182
金,115
金鞭,2277
金鞭断,1083
金鞭断折,1272
金鞭断折九,718
金鞭断折九马,54
鼍,1308
鼍作,232
鼍作鲸,2135
鼍作鲸吞,667
鼍作鲸吞不,1228
鼍作鲸吞不复,1423
殷,1585
殷殷,757
殷殷寻,664
殷殷寻地,154
后,899
后土,791
荒,1109
荒芜,1623
荒芜三,3
荒芜三径,2294
功,667
功不,1208
功不可,1313
蛾,691
蛾眉,1753
蛾眉罢,2057
蛾眉罢花,1599
楚,688
楚魂,757
楚魂寻,2211
楚魂寻梦,1377
楚魂寻梦风,1050
楚魂寻梦风飔,1337
禾,848
禾生,1836
禾生陇,374
禾生陇亩,1634
禾生陇亩无,1304
禾生陇亩无东,472
所,28
所向,469
所向泥,920
所向泥活,920
老,998
老来,417
老来苦,925
老来苦便,1195
妆,1709
妆镜,1267
妆镜晚,543
妆镜晚窥,1427
燕,14
燕觅,1302
燕觅巢,1756
燕觅巢窠,385
物,1895
物比,1484
物比柯,1203
物比柯亭,4
物比柯亭韵,1162
物比柯亭韵校,1036
贫,1289
贫窭,1498
贫窭有,538
贫窭有仓,649
不,1423
不知,1034
不知为,1589
不知为暮,313
不知为暮雨,1411
不知为暮雨兮,1034
不知为暮雨兮为,378
不知为暮雨兮为朝,1379
乍,28
乍向,365
乍向草,878
乍向草中,1705
乍向草中耿,581
乍向草中耿介,54
羲,2199
羲和,115
羲和鞭,323
羲和鞭白,1845
窃,1114
窃效,933
窃效贡,784
窃效贡公,1262
笔,1320
笔迹,1276
笔迹远,107
笔迹远过,420
笔迹远过杨,1188
笔迹远过杨契,339
但,1016
但见,551
但见黄,1379
但见黄云,1653
徊,2231
徊翔,1855
徊翔必,1498
徊翔必有,1619
君,667
君不,1016
君不见,1105
君不见管,251
君不见管鲍,1021
君不见管鲍贫,1199
君不见管鲍贫时,2016
驰,1945
驰骋,1331
驰骋功,1619
驰骋功名,223
驰骋功名业,692
驰骋功名业帝,278
已,366
已经,1958
已经百,1845
已经百日,1465
已经百日窜,1430
已经百日窜荆,1558
蕃,1647
蕃军,489
蕃军遥,1016
蕃军遥见,741
蕃军遥见汉,1643
蕃军遥见汉家,796
寒,183
寒多,1931
寒多未,747
寒多未授,975
惟,1567
惟德,1598
对,484
对此,1169
对此伤,2074
对此伤人,1303
画,866
画师,231
画师亦,1634
画师亦无,755
主,12
主称,2007
主称寿,1912
主称寿尊,383
昭,1686
昭阳,1611
昭阳殿,2066
昭阳殿里,1668
昭阳殿里第,272
昭阳殿里第一,2074
苍,1592
苍梧,1379
苍梧云,530
苍梧云正,466
开,1968
开筵,968
开筵旧,2222
开筵旧岘,542
兵,1104
兵戎,667
兵戎不,2016
兵戎不交,1825
南,757
南寻,2247
南寻禹,1917
南寻禹穴,1016
南寻禹穴见,1079
南寻禹穴见李,323
烟,1011
烟雾,1173
烟雾散,1526
烟雾散玉,588
羽,2150
羽翼,907
羽翼嗟,977
羽翼嗟零,1367
故,2074
故人,1965
故人天,272
故人天一,509
篱,2026
篱边,760
篱边野,1325
篱边野外,183
篱边野外多,2060
篱边野外多众,312
苍,1987
苍苍,1525
苍苍茂,1896
苍苍茂陵,1210
岂,1208
岂可,1489
岂可久,1699
岂可久在,278
岂可久在王,2307
岂可久在王侯,169
再,1903
再拜,379
再拜宜,958
再拜宜同,250
再拜宜同丈,2074
再拜宜同丈人,1141
乃,1699
乃在,1345
乃在碧,697
乃在碧海,1580
乃在碧海之,1304
乃在碧海之东,949
列,1968
列筵,2319
列筵邀,90
列筵邀酒,274
鬓,478
鬓发,2329
鬓发各,342
鬓发各已,1987
知,515
知章,1249
知章骑,718
知章骑马,2104
知章骑马似,289
知章骑马似乘,663
所,1380
所愧,1748
所愧国,835
所愧国士,1423
背,2148
背北,697
清,119
清渭,1304
清渭东,2243
清渭东流,607
清渭东流剑,869
清渭东流剑阁,1962
伫,1482
伫立,634
伫立望,1056
伫立望夫,1166
吐,1902
吐霓,2225
吐霓翳,1845
态,1871
态浓,258
态浓意,1276
态浓意远,2332
态浓意远淑,2115
态浓意远淑且,2073
象,799
象床,1526
象床玉,1333
象床玉手,897
象床玉手乱,1585
象床玉手乱殷,1427
沉,1913
沉吟,1278
沉吟坐,472
沉吟坐西,1605
能,2241
能添,1408
能添老,1210
能添老树,595
能添老树巅,1769
能添老树巅崖,2066
知,1166
知君,1807
知君重,1924
知君重毫,1856
沽,90
沽酒,667
沽酒不,1228
沽酒不复,1342
张,784
张公,1892
张公叹,1248
张公叹其,1429
张公叹其材,1125
张公叹其材尽,992
万,914
万箭,1882
万箭千,1512
万箭千刀,272
万箭千刀一,2018
万箭千刀一夜,1810
先,848
先生,1786
先生早,419
先生早赋,1907
先生早赋归,565
先生早赋归去,998
如,271
如今,1939
如今岂,1634
如今岂无,1092
如今岂无騕,144
如今岂无騕褭,2248
如今岂无騕褭与,49
如今岂无騕褭与骅,853
须,1423
须知,2097
须知世,2191
须知世路,300
须知世路难,1246
须知世路难轻,1650
缄,1679
缄书,2052
缄书报,1425
缄书报子,1526
臣,1291
臣如,1192
臣如忽,2027
臣如忽至,157
晤,1963
晤语,1188
晤语契,1962
晤语契深,1303
翠,691
翠眉,1711
翠眉蝉,224
翠眉蝉鬓,848
翠眉蝉鬓生,1661
翠眉蝉鬓生别,270
不,1654
不阻,827
不阻蓬,2292
不阻蓬荜,1837
叠,1210
叠树,2024
叠树层,1206
叠树层楹,1037
叠树层楹相,860
叠树层楹相对,1140
虽,78
虽圣,513
虽圣莫,17
虽圣莫能,1154
移,123
移因,1377
移因风,313
移因风雨,1849
隔,172
隔屋,684
隔屋唤,472
隔屋唤西,1643
风,559
风吹,383
风吹客,975
风吹客衣,1845
风吹客衣日,1066
风吹客衣日杲,1066
朝,998
朝来,1489
朝来久,2048
朝来久试,902
朝来久试华,1605
朝来久试华轩,992
芳,365
芳草,1689
芳草渡,1435
芳草渡头,1603
芳草渡头微,313
芳草渡头微雨,1199
蹙,2006
蹙金,2067
蹙金孔,197
蹙金孔雀,37
蹙金孔雀银,1770
蹙金孔雀银麒,1934
庶,2143
庶足,1729
庶足充,1560
庶足充淹,2130
空,1591
空传,2025
空传沈,839
空传沈隐,2307
游,2074
游人,1428
游人闲,1140
游人闲起,359
游人闲起前,378
游人闲起前朝,1870
哀,1441
哀丝,1882
哀丝千,2326
哀丝千古,1303
吁,907
吁嗟,165
吁嗟呼,1987
吁嗟呼苍,848
与,1213
与宴,1956
与宴非,1374
与宴非短,2032
本,1019
本自,1848
本自寒,102
本自寒女,955
云,1919
云门,496
回,2063
回瞻,992
回瞻下,542
回瞻下山,2191
欹,966
欹岸,891
欹岸侧,1270
欹岸侧岛,1849
欹岸侧岛秋,1924
欹岸侧岛秋毫,1152
开,1605
开轩,808
开轩览,2169
开轩览物,902
淅,908
淅淅,888
淅淅溪,1377
淅淅溪风,272
淅淅溪风一,966
淅淅溪风一岸,2088
生,102
生女,1595
生女犹,105
生女犹是,1633
生女犹是嫁,1895
生女犹是嫁比,1329
翠,334
翠旗,1354
翠旗澹,27
翠旗澹偃,209
读,1753
读罢,1487
读罢泪,546
读罢泪沾,1575
萧,1416
萧洒,1561
萧洒送,1845
萧洒送日,452
百,1143
百辟,1903
百辟拜,608
百辟拜稽,1506
山,784
山公,998
山公来,2078
山公来取,1750
客,2191
客路,1495
客路迢,1495
客路迢迢,471
客路迢迢信,300
客路迢迢信难,967
朱,2219
朱绂,1489
朱绂久,225
朱绂久惭,1865
朱绂久惭官,2140
朱绂久惭官借,2248
入,1919
入门,348
入门闻,200
入门闻号,1586
湘,1557
湘妃,741
湘妃汉,102
湘妃汉女,955
湘妃汉女出,65
湘妃汉女出歌,557
实,1604
实欲,569
实欲邦,1748
实欲邦国,920
佳,2074
佳人,667
佳人不,1097
佳人不再,187
顽,1034
顽为,1580
顽为之,286
谁,712
谁道,542
谁道山,784
谁道山公,1750
未,1688
未觉,1882
未觉千,2006
未觉千金,1829
未觉千金满,1131
未觉千金满高,2053
莫,466
莫愁,1907
莫愁归,2191
莫愁归路,2184
列,413
列缺,1593
列缺掉,1904
山,6
山林,1320
山林迹,1291
山林迹如,1986
交,132
交情,1569
交情何,2274
交情何尚,511
与,1166
与君,65
与君歌,272
与君歌一,361
焉,17
焉能,1303
焉能心,1292
焉能心怏,1292
执,1889
执缚,1907
执缚归,1196
执缚归厥,1460
勿,1074
勿受,1325
勿受外,1132
勿受外嫌,578
沧,1517
沧浪,1536
沧浪水,1962
沧浪水深,1694
沧浪水深青,1285
沧浪水深青溟,631
凫,99
凫鹥,1173
凫鹥散,897
凫鹥散乱,905
凫鹥散乱棹,1726
凫鹥散乱棹讴,478
开,697
开海,1919
九,2066
九里,471
九里信,667
九里信不,1154
委,361
委曲,1016
委曲见,750
委曲见江,542
得,2094
得听,52
得听法,278
得听法王,366
行,1674
行者,837
行者靡,667
行者靡不,1907
夜,1494
夜泊,2047
夜泊秦,434
夜泊秦淮,1728
夜泊秦淮近,90
夜泊秦淮近酒,1643
取,1685
取用,1639
取用及,1875
取用及吾,2014
雨,1225
雨泻,1589
雨泻暮,813
雨泻暮檐,1760
江,542
江山,1524
江山增,1043
江山增润,1625
兹,2124
兹焉,1248
兹焉其,2001
兹焉其窟,2107
云,844
云结,1962
云结深,57
云结深闺,1919
变,1154
变通,1580
变通之,157
挥,1416
挥洒,231
挥洒亦,513
挥洒亦莫,1895
美,2074
美人,1411
美人兮,1445
美人兮美,2074
只,271
只今,198
只今谁,755
只今谁数,304
只今谁数贰,866
只今谁数贰师,1331
敌,1313
敌逾,111
芳,1210
芳树,342
芳树已,186
芳树已寥,1367
一,294
一索,1331
一索功,1131
一索功高,1889
一索功高缚,596
一索功高缚楚,278
杨,2057
杨花,72
杨花雪,1367
杨花雪落,325
杨花雪落覆,323
杨花雪落覆白,1908
忘,493
忘形,662
忘形到,267
忘形到尔,1929
郁,1270
郁岛,2102
郁岛藏,1962
郁岛藏深,1760
游,436
游蜂,1009
游蜂竞,1475
游蜂竞攒,1754
夜,392
夜飞,1693
夜飞延,1849
夜飞延秋,1919
夜飞延秋门,2120
夜飞延秋门上,165
误,1952
误入,1744
误入桃,681
误入桃源,2066
往,2326
往古,667
往古不,721
往古不得,355
是,1569
是何,258
是何意,280
是何意态,85
是何意态雄,2115
是何意态雄且,404
银,354
银鞍,2096
银鞍却,325
银鞍却覆,1176
银鞍却覆香,1013
银鞍却覆香罗,812
我,366
我经,902
我经华,887
我经华原,998
山,72
山雪,895
山雪河,1300
山雪河冰,760
山雪河冰野,936
山雪河冰野萧,164
广,1436
广文,662
广文到,1865
广文到官,1808
疑,105
疑是,1952
疑是入,2089
疑是入鸡,542
念,1425
念子,1569
念子何,208
念子何当,1907
共,1308
共作,2246
共作游,1828
共作游冶,138
梦,878
梦中,1750
梦中醉,1724
梦中醉卧,416
梦中醉卧巫,542
梦中醉卧巫山,1379
离,2072
离恨,1661
离恨别,359
离恨别前,1679
贾,545
贾傅,996
贾傅松,2254
贾傅松醪,90
晨,1377
晨风,157
晨风理,1907
晨风理归,905
给,1846
给园,1921
给园支,792
给园支遁,839
闺,1919
闺门,331
闺门孝,1954
闺门孝友,363
龙,2230
龙象,366
龙象经,1141
龙象经行,385
满,2234
满谷,1455
满谷连,542
满谷连山,1691
满谷连山遍,2331
满谷连山遍哭,363
采,108
采采,551
采采黄,2006
采采黄金,2057
此,712
此道,271
此道今,2074
此道今人,26
此道今人弃,1291
此道今人弃如,899
时,1373
时俗,1338
时俗造,1930
时俗造次,168
时俗造次那,721
时俗造次那得,2275
放,1333
放手,1169
放手伤,916
放手伤葵,602
悲,1105
悲管,706
悲管逐,965
悲管逐清,164
十,321
十口,1751
十口隔,1377
十口隔风,72
捷,1679
捷书,1035
捷书先,2009
捷书先奏,1931
捷书先奏未,2262
捷书先奏未央,2336
石,2138
石室,1634
石室无,2074
石室无人,662
汗,2216
汗血,271
汗血今,12
汗血今称,742
汗血今称献,2077
汗血今称献于,484
行,2074
行人,1997
行人弓,914
行人弓箭,2329
行人弓箭各,1699
行人弓箭各在,1508
禾,1435
禾头,848
禾头生,1680
禾头生耳,961
禾头生耳黍,1670
禾头生耳黍穗,309
王,649
王卒,1291
王卒如,392
王卒如飞,1178
曲,750
曲江,936
曲江萧,1160
曲江萧条,1849
曲江萧条秋,641
曲江萧条秋气,1131
为,151
为问,1848
为问寒,201
为问寒沙,511
为问寒沙新,662
为问寒沙新到,890
官,1262
官喜,910
官喜故,2074
官喜故人,1455
佯,1034
佯为,462
佯为僵,503
佯为僵踣,1449
佯为僵踣主,1078
佯为僵踣主父,359
吞,363
吞声,518
吞声踯,1301
吞声踯躅,1002
吞声踯躅涕,1487
吞声踯躅涕泪,977
炙,1333
炙手,1208
炙手可,1106
炙手可热,29
炙手可热势,1581
炙手可热势绝,2062
尚,381
尚谓,1545
尚谓求,1634
尚谓求无,493
王,1193
王乔,567
王乔随,1085
王乔随鹤,2260
东,2128
东将,1952
东将入,697
东将入海,567
东将入海随,2286
东将入海随烟,1011
二,874
二十,2179
二十四,61
二十四桥,2095
二十四桥明,452
二十四桥明月,2018
读,1679
读书,767
读书破,1780
读书破万,963
泉,955
泉出,307
泉出巨,1743
泉出巨鱼,593
泉出巨鱼长,1895
泉出巨鱼长比,2074
带,1191
带甲,2115
带甲且,998
带甲且来,1715
象,493
象形,923
宫,102
宫女,1267
宫女晚,1423
宫女晚知,2297
草,1364
草木,1493
草木穷,1849
草木穷秋,1207
动,1505
动影,136
动影袅,1421
动影袅窕,468
动影袅窕冲,2289
动影袅窕冲融,169
功,1706
功以,1400
信,306
信宿,2246
信宿游,194
信宿游衍,2145
何,399
何幸,50
何幸遇,2294
何幸遇休,2095
长,1983
长安,1536
长安水,2026
长安水边,183
长安水边多,1510
长安水边多丽,2074
能,343
能令,743
能令许,842
能令许玄,2295
惊,165
惊呼,1106
惊呼热,878
惊呼热中,429
染,1178
染翰,1171
染翰聊,2278
染翰聊题,1497
被,1653
被驱,667
被驱不,2265
被驱不异,1877
被驱不异犬,2248
被驱不异犬与,2089
划,1016
划见,784
划见公,1425
划见公子,2114
哀,1584
哀鸣,1569
哀鸣何,297
哀鸣何所,1059
思,1166
思君,1166
思君君,667
思君君不,1423
草,1613
草虫,1848
草虫寒,667
草虫寒不,348
况,208
况当,2136
况当朱,74
况当朱炎,1511
乃,188
乃溃,207
乃溃乃,1297
道,1740
道甫,151
道甫问,471
道甫问信,271
道甫问信今,1569
道甫问信今何,1291
陶,421
陶陶,1949
陶陶兀,1949
陶陶兀兀,798
陶陶兀兀大,1750
陶陶兀兀大醉,2077
陶陶兀兀大醉于,1694
陶陶兀兀大醉于青,783
陶陶兀兀大醉于青冥,323
陶陶兀兀大醉于青冥白,2003
陶陶兀兀大醉于青冥白昼,169
结,1811
结构,1514
结构依,561
结构依空,6
秋,479
秋冬,1034
秋冬为,175
华,22
华省,18
华省曾,388
华省曾联,919
王,1886
王母,2003
王母昼,992
王母昼下,1379
王母昼下云,334
王母昼下云旗,494
何,1706
何以,1912
何以尊,2179
何以尊四,125
多,835
多士,2215
多士盈,378
多士盈朝,295
真,603
真宰,2120
真宰上,824
真宰上诉,1965
真宰上诉天,2070
真宰上诉天应,1631
青,637
青蕊,1807
青蕊重,1686
青蕊重阳,667
青蕊重阳不,1179
青蕊重阳不堪,1784
自,2277
自断,484
自断此,848
自断此生,2294
自断此生休,151
自断此生休问,1965
孤,1821
孤英,2245
孤英尤,1208
孤英尤可,2118
独,1699
独在,678
独在阴,1769
独在阴崖,844
独在阴崖结,1282
独在阴崖结茅,172
决,1348
决眦,1952
决眦入,1907
决眦入归,941
威,1316
威畏,1567
威畏德,1749
游,436
游蜂,693
游蜂饮,1176
游蜂饮香,1691
独,1168
独好,231
独好亦,1569
独好亦何,2042
下,1907
下归,1634
下归无,1988
下归无极,439
下归无极终,1157
下归无极终南,309
侧,348
侧闻,1298
侧闻鲁,1974
侧闻鲁恭,882
高,1864
高台,2114
高台面,1987
高台面苍,153
巫,102
巫女,2050
喧,699
喧喧,2321
喧喧斗,2089
喧喧斗鸡,712
独,1820
独步,741
独步汉,1157
独步汉南,998
宁,1423
宁知,755
宁知数,1867
宁知数片,1379
眼,1498
眼有,1869
眼有紫,1025
眼有紫焰,1175
眼有紫焰双,1737
眼有紫焰双瞳,1049
歌,1710
歌逢,2171
歌逢彭,1860
歌逢彭泽,343
好,1377
好风,1238
好风初,1172
好风初婉,804
昔,1661
昔别,1166
昔别君,1931
昔别君未,723
骅,853
骅骝,1308
骅骝作,704
骅骝作驹,342
骅骝作驹已,1028
骅骝作驹已汗,2216
流,281
流洪,352
身,2120
身上,1634
身上无,1498
身上无有,584
身上无有完,732
身上无有完肌,349
艰,300
艰难,958
艰难同,365
艰难同草,1480
竟,760
竟野,1291
竟野如,1767
竟野如春,902
到,1643
到家,1845
到家日,342
到家日已,474
山,834
山耸,1742
山耸助,1481
山耸助扶,1369
见,1580
见之,659
见之座,1015
见之座右,1489
见之座右久,2221
见之座右久更,511
千,2006
千金,1173
千金散,1125
千金散尽,1414
千金散尽还,1228
千金散尽还复,998
执,1333
执手,2072
执手恨,1034
执手恨为,1661
更,348
更闻,1679
更闻书,1659
更闻书即,919
舟,1425
舟子,1262
舟子喜,776
舟子喜甚,1634
舟子喜甚无,470
舟子喜甚无氛,396
天,2128
天将,1747
天将龙,334
天将龙旗,713
天将龙旗掣,697
天将龙旗掣海,1379
啖,2307
啖侯,1795
啖侯笔,667
啖侯笔不,1509
方,1423
方知,203
方知仙,1425
方知仙子,2107
坐,1489
坐久,1377
坐久风,766
坐久风颇,466
顾,1505
顾影,184
顾影骄,1574
顾影骄嘶,1019
顾影骄嘶自,2181
顾影骄嘶自矜,491
挂,915
挂席,1019
挂席自,848
挂席自生,1377
行,1149
行乐,206
行乐羡,386
行乐羡朋,642
群,2243
群流,1732
群流会,561
群流会空,361
秋,998
秋来,1445
秋来美,2221
秋来美更,1176
穷,1515
穷年,1438
穷年忧,2153
穷年忧黎,499
愿,1530
愿腾,1305
愿腾六,2213
愿腾六尺,718
鸣,1447
鸣弦,234
鸣弦暂,2173
鸣弦暂辍,1226
迢,1495
迢迢,312
迢迢芳,1846
迢迢芳园,1210
歇,718
歇马,1683
歇马凭,1379
歇马凭云,306
柏,1932
柏梁,883
柏梁铜,197
柏梁铜雀,848
柏梁铜雀生,551
柏梁铜雀生黄,988
玉,2057
玉花,1129
玉花珍,1923
玉花珍簟,2120
百,2066
百里,348
百里闻,1107
百里闻雷,1642
梅,451
梅引,2188
梅引冻,2254
梅引冻醪,687
苍,1592
苍梧,323
苍梧白,1379
苍梧白云,1276
浩,65
浩歌,1067
浩歌弥,1946
浩歌弥激,1794
坡,1483
坡陀,123
坡陀因,1170
坡陀因厚,664
德,1912
德尊,272
德尊一,1809
德尊一代,1609
德尊一代常,1520
德尊一代常轗,1328
岂,1498
岂有,2179
岂有四,1008
岂有四蹄,204
岂有四蹄疾,2077
岂有四蹄疾于,941
桓,2128
桓将,1647
桓将军,1016
桓将军见,667
桓将军见不,630
桓将军见不教,559
天,848
天生,1069
天生我,1429
天生我材,1855
天生我材必,1498
天生我材必有,1685
那,17
那能,1566
那能总,1999
那能总箝,321
长,848
长生,1364
长生木,2168
长生木瓢,931
长生木瓢示,2073
长生木瓢示真,106
如,1569
如何,1767
如何春,452
如何春月,1378
铁,542
铁山,862
不,1688
不觉,816
不觉晓,2089
不觉晓鸡,1584
一,2239
一举,310
一举刈,1479
一举刈膻,956
自,1862
自爱,750
自爱江,544
自爱江城,1042
烟,470
烟氛,166
烟氛蔼,390
烟氛蔼崷,1922
再,2046
再使,1377
再使风,1373
再使风俗,640
桐,2057
桐花,1367
桐花落,664
桐花落地,1634
桐花落地无,2074
桐花落地无人,1986
脑,830
脑涂,887
脑涂原,760
何,385
何处,350
何处躬,2192
何处躬耕,1674
白,1845
白日,1255
白日啾,1147
白日啾嘲,986
白日啾嘲祸,1780
白日啾嘲祸万,516
少,2283
少昊,1141
少昊行,965
少昊行清,1849
风,45
风动,2006
风动金,679
风动金锒,371
羲,2199
羲和,1137
羲和显,1734
畴,17
畴能,1597
畴能补,1965
畴能补天,1863
霁,1011
霁雾,1872
霁雾搴,1131
霁雾搴高,857
耶,2162
耶娘,566
耶娘妻,1425
耶娘妻子,330
耶娘妻子走,1037
耶娘妻子走相,1561
东,6
东林,864
东林精,1808
东林精舍,1728
疑,105
疑是,1893
疑是崆,2134
疑是崆峒,998
浩,791
浩荡,289
浩荡乘,15
浩荡乘沧,1285
少,1620
少壮,17
少壮能,114
少壮能几,1199
义,784
义公,1739
义公习,1356
义公习禅,385
漾,1505
漾影,706
漾影逐,654
漾影逐波,1962
应,1333
应手,1326
应手看,2309
应手看捶,443
紫,1960
紫驼,1580
紫驼之,1969
紫驼之峰,955
紫驼之峰出,726
紫驼之峰出翠,372
回,1506
回首,625
回首叫,1366
回首叫虞,1439
张,1587
张旭,1623
张旭三,42
张旭三杯,365
张旭三杯草,78
张旭三杯草圣,1591
合,1580
合之,1697
功,2208
功成,91
功成惠,1852
功成惠养,567
功成惠养随,297
功成惠养随所,2275
清,1437
清晨,634
清晨望,1131
清晨望高,1517
乡,1846
乡园,1408
乡园老,272
乡园老一,605
奋,1248
奋其,85
奋其雄,522
猜,443
猜钩,2290
猜钩每,1678
猜钩每误,947
氓,2194
氓毕,1204
不,1228
不复,1016
不复见,1474
不复见平,1800
此,718
此马,1229
此马临,1777
此马临阵,1489
此马临阵久,1634
此马临阵久无,1030
推,499
推元,135
高,1864
高台,1495
高台迢,774
高台迢递,1581
高台迢递绝,1840
高台迢递绝浮,396
缘,1379
缘云,965
缘云清,867
缘云清切,65
缘云清切歌,363
缘云清切歌声,2120
天,309
天黑,1978
天黑闭,1767
天黑闭春,1884
谁,17
谁能,1489
谁能久,667
谁能久不,380
累,550
累累,998
累累来,1019
累累来自,1304
孰,381
孰谓,1875
孰谓吾,1470
孰谓吾庐,2174
圣,1567
圣德,2148
圣德北,1287
圣德北服,1157
圣德北服南,2270
圣德北服南单,2077
阴,641
阴气,667
阴气不,2172
阴气不黪,2195
河,741
河汉,363
河汉声,472
河汉声西,2243
复,1498
复有,1694
复有青,1042
复有青楼,798
复有青楼大,712
复有青楼大道,878
欲,757
欲寻,902
欲寻华,1937
欲寻华顶,565
四,697
四海,480
四海八,1814
四海八荒,958
四海八荒同,272
四海八荒同一,1379
中,2018
中夜,2001
中夜窟,2107
中夜窟宅,938
饮,1703
饮食,107
饮食过,1481
饮食过扶,1071
不,348
不闻,1623
不闻三,363
不闻三声,1018
犹,1635
犹忆,483
犹忆岁,1848
犹忆岁寒,996
会,105
会是,1029
会是排,1377
会是排风,1498
会是排风有,1953
会是排风有毛,588
与,2074
与人,272
与人一,1303
与人一心,2208
与人一心成,798
与人一心成大,1331
为,1069
为我,353
为我炊,273
为我炊雕,2253
斫,1101
斫枭,244
小,2074
小人,570
小人困,2085
小人困驰,610
老,566
老妻,921
老妻寄,2265
老妻寄异,948
卿,1643
卿家,968
卿家旧,1682
卿家旧赐,784
卿家旧赐公,2078
卿家旧赐公取,1580
星,2249
星辰,1228
城,878
城中,2321
城中斗,1010
城中斗米,1094
城中斗米换,1935
城中斗米换衾,780
红,2069
红霞,1869
红霞紫,2286
红霞紫烟,1644
红霞紫烟凝,1408
红霞紫烟凝老,1497
问,689
问答,207
问答乃,1931
问答乃未,342
血,1308
血作,213
血作陈,421
血作陈陶,1860
血作陈陶泽,878
血作陈陶泽中,1536
无,1182
无思,667
无思不,1287
无思不服,642
明,1845
明日,936
明日萧,1160
明日萧条,1750
明日萧条醉,1125
明日萧条醉尽,1957
西,818
西指,1931
西指未,2262
西指未央,2336
富,98
富兵,1104
触,1106
触热,28
触热向,48
触热向武,1388
男,1198
男儿,1331
男儿功,1619
男儿功名,1576
赋,1158
赋料,1717
赋料扬,85
赋料扬雄,1030
赖,1498
赖有,1159
赖有苏,177
赖有苏司,223
月,6
月林,1173
月林散,965
月林散清,1505
熊,708
熊螭,1706
熊螭以,1034
熊螭以为,1701
复,1907
复归,1834
复归虚,1634
复归虚无,1
风,1529
风帆,2095
风帆明,1845
风帆明日,1276
少,1620
少壮,114
少壮几,1199
少壮几时,738
少壮几时奈,1408
少壮几时奈老,1569
今,1845
今日,1747
今日龙,1919
今日龙门,992
平,2095
平明,13
平明跨,1637
平明跨驴,955
鸾,65
鸾歌,851
鸾歌凤,559
鸾歌凤吹,965
鸾歌凤吹清,2115
鸾歌凤吹清且,1200
肌,157
肌理,375
肌理细,833
肌理细腻,685
肌理细腻骨,734
肌理细腻骨肉,1579
丹,605
丹丘,848
雨,1034
雨为,1589
雨为暮,1411
雨为暮兮,1379
雨为暮兮云,1034
雨为暮兮云为,378
曾,1300
曾冰,848
曾冰生,908
曾冰生淅,552
观,1377
观风,567
观风随,737
观风随按,1522
又,28
又向,2074
又向人,1643
又向人家,1290
又向人家啄,798
又向人家啄大,172
只,105
只是,330
只是走,1588
只是走踆,1588
甲,1580
甲之,1601
甲之櫜,1997
动,895
动河,1444
此,718
此马,755
此马数,1515
此马数年,2074
此马数年人,2221
此马数年人更,1534
余,231
余亦,866
余亦师,962
余亦师粲,1208
往,95
往往,840
往往坡,1483
往往坡陀,1600
往往坡陀纵,120
往往坡陀纵超,967
此,1046
此志,1609
此志常,2228
此志常觊,1966
拂,975
拂衣,642
拂衣从,484
拂衣从此,565
枯,1542
枯查,963
枯查卷,1431
枯查卷拔,1210
边,544
边城,1498
边城有,1124
边城有馀,940
阆,1377
阆风,1952
阆风入,2217
阆风入辙,1320
笙,65
笙歌,849
笙歌达,2297
笙歌达曙,96
暮,313
暮雨,87
暮雨旌,334
暮雨旌旗,736
暮雨旌旗湿,1931
暮雨旌旗湿未,900
水,1899
水接,203
水接仙,681
水接仙源,1728
君,718
君马,551
回,1506
回首,965
回首清,119
回首清渭,2005
青,1767
青春,654
青春波,1517
青春波浪,1395
青春波浪芙,1718
青春波浪芙蓉,1846
白,2278
白题,1414
白题还,1892
白题还叹,1408
白题还叹老,2128
白题还叹老将,998
系,332
系缧,2099
系缧降,278
但,2316
但愿,911
但愿开,1856
但愿开素,547
犹,17
犹能,1249
犹能骑,718
犹能骑马,711
画,879
画堂,1238
画堂初,564
画堂初点,624
不,1498
不有,1780
不有万,1917
不有万穴,1907
隐,792
隐遁,1038
隐遁佳,464
隐遁佳期,1207
得,2259
得钱,1659
得钱即,1037
得钱即相,14
愿,1449
愿主,711
愿主回,1182
愿主回思,1907
愿主回思归,1449
愿主回思归主,1886
江,544
江城,1714
江城佐,627
江城佐股,475
开,511
开新,1214
开新合,910
开新合故,1412
开新合故置,1569
开新合故置何,743
甲,1668
甲第,918
甲第纷,918
甲第纷纷,1551
甲第纷纷厌,10
甲第纷纷厌粱,734
明,140
明眸,2161
明眸皓,1621
明眸皓齿,271
明眸皓齿今,1569
明眸皓齿今何,1699
独,1561
独送,435
独送豫,515
独送豫章,1141
旧,1748
旧国,1622
旧国余,1907
旧国余归,596
慨,230
慨彼,1780
慨彼万,1748
慨彼万国,1056
崇,1254
崇冈,2177
崇冈拥,2230
崇冈拥象,1838
胡,890
胡雁,2299
胡雁翅,736
胡雁翅湿,1131
胡雁翅湿高,392
胡雁翅湿高飞,300
肆,788
肆翱,2231
顿,664
顿地,1905
总,811
总角,365
总角草,1679
总角草书,1277
总角草书又,2285
总角草书又神,1612
腕,268
腕促,1008
腕促蹄,1131
腕促蹄高,1291
腕促蹄高如,503
腕促蹄高如踣,1501
高,735
高插,1965
沙,2120
沙上,1534
沙上惊,1817
沙上惊鸿,129
沙上惊鸿掠,1536
沙上惊鸿掠水,1063
林,169
林间,323
林间白,718
林间白马,1048
芝,365
芝草,1454
芝草琅,873
芝草琅玕,1845
芝草琅玕日,2070
芝草琅玕日应,593
菱,1979
菱荷,906
菱荷枯,1083
菱荷枯折,567
菱荷枯折随,1377
菱荷枯折随风,1347
赐,623
赐浴,1088
赐浴皆,593
赐浴皆长,715
未,17
未能,1070
未能易,1248
未能易其,1841
横,1141
横行,770
横行塞,2148
横行塞北,1125
幽,2074
幽人,1498
幽人有,839
幽人有隐,463
岑,1665
岑参,1861
岑参兄,1273
岑参兄弟,1088
岑参兄弟皆,1168
岑参兄弟皆好,1036
遣,450
遣妾,1291
遣妾如,484
遣妾如此,919
遣妾如此事,1449
遣妾如此事主,1078
欻,494
欻翻,138
欻翻盘,252
欻翻盘涡,1375
撞,96
撞钟,1914
撞钟斋,1639
撞钟斋及,2251
进,1858
进退,1634
进退无,1956
进退无非,712
普,1965
普天,1634
普天无,301
普天无川,1932
雨,1991
雨侵,1848
雨侵寒,857
雨侵寒牖,2211
不,105
不是,968
不是旧,542
不是旧山,998
寄,2248
寄与,1526
寄与玉,2074
寄与玉人,1965
寄与玉人天,2120
寄与玉人天上,565
我,718
我马,323
古,998
古来,323
古来白,685
古来白骨,1634
古来白骨无,2074
古来白骨无人,746
落,865
落絮,2246
落絮游,1441
落絮游丝,231
落絮游丝亦,1498
落絮游丝亦有,132
手,587
手援,1965
手援天,1068
炀,1580
炀之,1121
登,1131
登高,634
登高望,1414
登高望还,866
苦,1016
苦见,988
苦见尘,201
苦见尘沙,551
葵,1746
葵藿,687
葵藿倾,97
葵藿倾太,1686
蕃,1647
蕃军,553
蕃军只,1016
蕃军只见,718
蕃军只见马,561
蕃军只见马空,354
性,231
性亦,32
性亦嗜,1058
性亦嗜醇,2029
王,1886
王母,667
王母不,391
王母不肯,746
辟,845
辟邪,1582
辟邪伎,1308
辟邪伎作,768
辟邪伎作鼓,559
辟邪伎作鼓吹,1534
造,882
造化,96
造化钟,2285
造化钟神,1646
未,1423
未知,1091
未知适,198
未知适谁,1919
擘,1822
擘画,2186
擘画最,1063
擘画最分,2095
生,1341
生男,1111
生男埋,1057
生男埋没,567
生男埋没随,1958
生男埋没随百,365
玉,579
玉觞,2167
玉觞淡,1634
玉觞淡无,1415
江,1157
江南,1038
江南佳,1510
江南佳丽,664
只,379
只宜,1033
只宜裁,376
只宜裁密,402
同,693
同饮,1526
同饮玉,2074
同饮玉人,42
王,773
王谋,1785
王谋内,1400
小,2074
小人,1499
小人利,321
小人利口,1916
客,642
客从,1157
客从南,948
客从南县,998
俯,1459
俯瞰,593
俯瞰长,1983
俯瞰长安,712
长,1983
长安,544
长安城,1435
长安城头,1435
长安城头头,323
长安城头头白,1684
脉,154
脉脉,1634
脉脉无,764
脉脉无言,2295
脉脉无言度,114
脉脉无言度几,1767
犹,2278
犹题,1227
犹题殄,1873
犹题殄瘁,661
珠,2127
珠压,1508
珠压腰,2223
珠压腰衱,598
珠压腰衱稳,12
珠压腰衱稳称,2014
吾,297
吾所,1706
吾所以,1016
吾所以见,1338
吾所以见造,882
吾所以见造化,1580
吾所以见造化之,1928
抚,1303
抚心,1397
抚心茫,1397
抚心茫茫,1487
抚心茫茫泪,1291
抚心茫茫泪如,256
前,888
前溪,860
前溪对,557
前溪对舞,1042
已,764
已言,1069
已言我,2265
已言我异,2097
聚,64
聚敛,933
聚敛贡,544
聚敛贡城,2315
诸,1404
诸孙,1021
诸孙贫,1634
诸孙贫无,919
钟,573
钟残,648
钟残仍,1585
钟残仍殷,799
灯,1505
灯影,1543
灯影照,1634
灯影照无,2036
使,1069
使我,1451
使我升,1131
使我升高,1864
青,692
青帝,1017
青帝固,1498
青帝固有,1303
难,1830
难甘,887
难甘原,56
难甘原宪,1021
还,757
还寻,968
还寻旧,532
还寻旧石,1968
青,1441
青丝,1389
青丝络,1435
青丝络头,1034
青丝络头为,1166
青丝络头为君,1408
闲,905
闲棹,1267
闲棹晚,998
闲棹晚来,107
衡,1919
衡门,1595
衡门犹,1931
衡门犹未,2264
谁,2123
谁识,350
谁识躬,2192
谁识躬耕,1674
傲,1504
傲睨,86
傲睨俯,308
傲睨俯峭,1497
阴,414
阴火,424
阴火煮,1526
阴火煮玉,1048
为,1326
为看,312
为看芳,896
为看芳饵,992
彭,1690
彭蠡,1577
彭蠡泛,1362
彭蠡泛舟,1414
请,1166
请君,1034
请君为,1069
请君为我,891
请君为我侧,1680
请君为我侧耳,2094
谁,1034
谁为,94
谁为乞,414
谁为乞火,2074
渔,1556
渔翁,2184
渔翁暝,1894
渔翁暝蹋,594
渔翁暝蹋孤,1362
渔翁暝蹋孤舟,1482
巴,65
巴歌,2199
巴歌和,1674
巴歌和者,782
宾,642
宾从,2011
宾从杂,1859
宾从杂遝,1916
宾从杂遝实,1150
宾从杂遝实要,2010
逆,1580
逆之,1742
冠,1334
冠带,157
冠带理,697
冠带理海,878
南,1377
南风,1260
南风迟,267
南风迟尔,720
樯,955
樯出,750
樯出江,878
樯出江中,1210
阴,453
阴壑,848
阴壑生,1834
阴壑生虚,1614
广,2242
广轮,1583
广轮抚,2179
广轮抚四,697
所,725
所历,1551
所历厌,516
所历厌机,909
照,1845
照日,1849
照日秋,1379
照日秋云,1977
夭,1744
夭桃,1625
夭桃色,1355
夭桃色若,333
可,17
可能,2294
可能休,1002
可能休涕,1487
稼,841
稼穑,667
稼穑不,1208
稼穑不可,675
悲,1584
悲鸣,1661
悲鸣别,910
悲鸣别故,6
上,1498
上有,1634
上有无,1303
上有无心,1379
海,1848
海寒,183
海寒多,1965
海寒多天,1377
君,1326
君看,567
君看随,1686
君看随阳,890
一,914
一箭,530
一箭正,749
一箭正坠,1175
一箭正坠双,392
一箭正坠双飞,2150
献,481
献策,2006
献策金,1919
献策金门,565
金,599
金幌,387
金幌半,2012
金幌半垂,1013
来,543
来窥,2137
来窥童,1425
来窥童子,116
携,1069
携我,1276
携我远,998
携我远来,2246
携我远来游,2142
携我远来游渼,153
天,2315
天阙,2230
天阙象,1472
天阙象纬,1135
历,1686
历阳,359
历阳前,919
历阳前事,1423
历阳前事知,1569
历阳前事知何,1916
皓,1621
皓齿,65
九,397
九锡,1376
九锡狱,594
九锡狱孤,1198
乘,1896
乘陵,1500
乘陵惜,254
乘陵惜俄,2164
昨,2018
昨夜,1304
昨夜东,1377
昨夜东风,559
昨夜东风吹,2216
昨夜东风吹血,956
恶,1377
恶风,323
恶风白,1517
恶风白浪,1569
恶风白浪何,907
恶风白浪何嗟,1639
江,1435
江头,2336
江头宫,1611
江头宫殿,763
江头宫殿锁,1882
江头宫殿锁千,1919
王,1404
王孙,2000
王孙善,1293
王孙善保,1882
王孙善保千,2006
王孙善保千金,876
请,784
请公,151
请公问,1449
请公问主,2128
屈,846
屈注,1987
屈注苍,750
屈注苍江,2243
知,1166
知君,1460
知君命,667
知君命不,75
相,2248
相与,1357
相与博,770
相与博塞,1034
相与博塞为,779
相与博塞为欢,326
春,1267
春晚,1294
春晚群,1364
春晚群木,1646
广,1436
广文,345
广文遗,4
广文遗韵,2130
广文遗韵留,1648
广文遗韵留樗,1173
野,1203
野亭,1767
野亭春,1414
野亭春还,2011
野亭春还杂,2057
野亭春还杂花,1276
琥,535
琥珀,1871
广,1436
广文,1035
广文先,848
广文先生,1865
广文先生官,1938
广文先生官独,646
芳,1968
芳筵,992
芳筵下,383
芳筵下客,534
雪,1712
雪涨,359
雪涨前,888
雪涨前溪,1536
永,1749
永怀,988
永怀尘,1325
永怀尘外,1993
蹴,1894
蹴蹋,1769
蹴蹋崖,2234
蹴蹋崖谷,1399
儒,1478
儒冠,183
儒冠多,1678
儒冠多误,2014
惊,1377
惊风,559
惊风吹,1817
惊风吹鸿,1571
归,322
归赏,910
归赏故,1846
归赏故园,169
落,1845
落日,1453
落日池,2120
落日池上,1332
斗,90
斗酒,874
斗酒十,1882
斗酒十千,1563
斗酒十千恣,779
斗酒十千恣欢,2182
江,542
江山,725
江山历,338
江山历全,596
虚,80
虚唱,65
虚唱歌,2049
虚唱歌词,1829
虚唱歌词满,1305
虚唱歌词满六,2336
交,2243
交流,561
交流空,2327
交流空涌,654
君,998
君来,1855
君来必,874
君来必十,452
子,2018
子夜,241
子夜星,576
子夜星才,1367
行,948
行县,2177
行县拥,2302
行县拥诸,2307
秾,1079
秾李,1410
秾李光,1291
秾李光如,2266
坐,383
坐客,1848
坐客寒,1634
坐客寒无,1541
檀,694
檀的,1212
檀的染,1199
檀的染时,1387
檀的染时痕,387
檀的染时痕半,452
时,634
时望,1662
时望鲤,1743
时望鲤鱼,1591
竹,347
竹枝,257
竹枝霜,667
竹枝霜不,1881
先,692
先帝,1318
先帝昔,521
先帝昔晏,1608
后,998
后来,354
后来鞍,718
后来鞍马,1569
后来鞍马何,1716
后来鞍马何逡,639
岂,1423
岂知,2265
岂知异,2169
岂知异物,958
岂知异物同,864
岂知异物同精,641
岂,1228
岂复,191
岂复虑,17
岂复虑能,1921
汝,2221
汝更,220
汝更小,1515
汝更小年,17
汝更小年能,233
汝更小年能缀,1436
钩,2159
钩喙,2091
钩喙决,359
矫,259
矫矫,1747
矫矫龙,382
矫矫龙性,1214
矫矫龙性合,616
矫矫龙性合变,882
长,1674
长者,1649
长者虽,1498
长者虽有,151
细,1508
细腰,2336
细腰宫,2066
细腰宫里,894
细腰宫里露,1744
细腰宫里露桃,511
孙,1643
孙家,1861
孙家兄,1273
孙家兄弟,92
孙家兄弟晋,1747
孙家兄弟晋龙,1651
兀,1949
兀兀,1576
兀兀遂,2027
兀兀遂至,271
人,1342
人疑,1965
人疑天,2120
人疑天上,1278
自,225
自惭,667
自惭不,376
自惭不密,1049
自惭不密方,1019
自惭不密方自,772
早,921
早寄,642
早寄从,1647
早寄从军,661
维,1513
维桑,1166
维桑君,1498
维桑君有,258
日,2018
日夜,2221
日夜更,634
日夜更望,1865
日夜更望官,1647
日夜更望官军,2027
包,2028
包蒙,1523
包蒙欣,1498
包蒙欣有,1876
东,542
东山,641
东山气,1817
东山气鸿,981
知,1907
知归,1373
知归俗,1208
知归俗可,1192
径,927
径须,1418
径须酤,2078
径须酤取,860
径须酤取对,1166
径须酤取对君,1332
青,1965
青天,667
青天不,1396
青天不解,1131
青天不解高,1131
青天不解高高,392
蜂,998
蜂来,1338
蜂来造,568
蜂来造蜜,805
翻,2014
翻身,28
翻身向,1965
翻身向天,2064
翻身向天仰,1851
翻身向天仰射,1379
即,2128
即将,472
即将西,565
即将西去,2047
东,998
东来,2279
东来橐,1960
东来橐驼,1829
东来橐驼满,968
东来橐驼满旧,1054
洪,895
洪河,1353
洪河左,1383
洪河左滢,957
缭,1706
缭以,2193
缭以周,2086
缭以周墙,1958
缭以周墙百,1124
缭以周墙百馀,2066
可,674
可怜,910
可怜故,1748
可怜故国,1623
可怜故国三,1882
可怜故国三千,2066
凉,1377
凉风,559
凉风吹,1276
凉风吹远,1870
退,1274
退匿,1134
退匿险,2115
退匿险且,131
问,1069
问我,998
问我来,1569
问我来何,1049
甲,1668
甲第,911
甲第开,2006
甲第开金,1917
盈,538
盈仓,1778
胡,988
胡尘,323
胡尘白,365
胡尘白草,1845
胡尘白草日,1410
胡尘白草日光,1848
焉,17
焉能,446
焉能辨,1299
焉能辨皇,1324
授,1069
授我,351
此,1199
此时,124
此时骊,1747
此时骊龙,231
此时骊龙亦,2156
此时骊龙亦吐,256
吾,348
吾闻,1965
吾闻天,1425
吾闻天子,1580
吾闻天子之,718
吾闻天子之马,330
吾闻天子之马走,1882
吾闻天子之马走千,2066
枝,1915
枝叶,612
枝叶攸,440
无,1493
无穷,988
无穷尘,899
无穷尘土,1634
无穷尘土无,1171
无穷尘土无聊,919
云,169
云间,452
云间月,1625
云间月色,2095
云间月色明,1291
云间月色明如,1856
濡,1924
濡毫,1992
濡毫胜,877
濡毫胜负,1423
惟,12
惟称,1798
惟称庞,1567
惟称庞德,784
文,1299
文皇,1157
文皇南,2114
文皇南面,1278
千,1294
千群,2114
千群面,1889
千群面缚,955
千群面缚出,1881
千群面缚出蕃,544
且,1034
且为,278
且为王,1404
且为王孙,1482
且为王孙立,1259
且为王孙立斯,927
把,1998
把臂,1498
把臂有,183
把臂有多,1845
交,1502
交洛,1792
交洛赴,281
交洛赴洪,895
仙,1744
仙桃,530
仙桃正,1367
仙桃正落,2057
河,1502
河洛,967
河洛越,2208
河洛越成,2193
碧,1379
碧云,1965
碧云天,1325
碧云天外,1308
碧云天外作,783
碧云天外作冥,1817
身,1858
身退,1939
身退岂,1363
身退岂待,1865
圣,2074
圣人,179
圣人筐,1656
圣人筐篚,118
时,1199
时时,45
时时动,2074
时时动人,258
楼,123
楼因,630
楼因教,557
楼因教舞,911
浊,1456
浊泾,965
浊泾清,119
浊泾清渭,1569
浊泾清渭何,208
浊泾清渭何当,1063
截,229
截修,793
堂,1207
堂后,1019
堂后自,848
堂后自生,696
芳,1210
芳树,1367
芳树落,2057
芳树落花,378
芳树落花朝,2184
芳树落花朝暝,145
绣,284
绣户,1436
绣户文,2065
绣户文窗,273
绣户文窗雕,533
绣户文窗雕绮,2303
时,1634
时无,278
时无王,1051
时无王良,1350
时无王良伯,1149
时无王良伯乐,54
时无王良伯乐死,1659
时无王良伯乐死即,2294
既,1731
既恃,1276
既恃远,2115
既恃远且,1134
江,1157
江南,1138
江南仲,239
江南仲蔚,183
江南仲蔚多,132
江南仲蔚多情,1024
谬,451
谬引,1034
谬引为,1626
谬引为匹,1030
破,1748
破国,1474
破国平,1881
破国平蕃,1318
破国平蕃昔,1931
破国平蕃昔未,348
利,2169
利物,1609
利物常,478
利物常发,809
楼,878
楼中,1388
楼中威,851
楼中威凤,687
楼中威凤倾,1478
楼中威凤倾冠,2094
忍,1363
忍待,2095
忍待明,1515
忍待明年,513
忍待明年莫,538
忍待明年莫仓,649
古,2116
古祠,1728
古祠近,452
古祠近月,1629
古祠近月蟾,1802
古祠近月蟾桂,1848
日,521
日晏,53
日晏昆,1202
日晏昆仑,605
风,257
风霜,417
风霜苦,1760
风霜苦竹,1663
海,1203
海亭,1849
海亭秋,1845
海亭秋日,634
官,135
官臣,1903
官臣拜,1333
相,1182
相思,272
相思一,2018
相思一夜,243
相思一夜梅,2057
相思一夜梅花,478
离,294
离索,1267
离索晚,1037
离索晚相,1710
江,2120
江上,1363
江上待,1358
江上待潮,2334
反,1182
反思,359
反思前,2018
反思前夜,1377
反思前夜风,313
反思前夜风雨,1842
轰,1337
轰然,1019
轰然自,1965
轰然自天,749
卑,1706
卑以,644
瑶,1453
瑶池,641
瑶池气,36
瑶池气郁,1994
尽,1699
尽在,277
尽在卫,722
尽在卫霍,2138
登,1042
登楼,634
登楼望,1166
登楼望君,385
山,678
山阴,712
山阴道,835
山阴道士,155
同,440
同病,231
同病亦,958
同病亦同,1438
清,1377
清风,996
清风松,992
清风松下,998
爱,1822
爱画,1952
爱画入,685
爱画入骨,171
还,1291
还如,910
还如故,1199
还如故时,527
汲,183
汲多,389
汲多井,1536
汲多井水,1503
惜,267
惜尔,1749
惜尔怀,1248
惜尔怀其,1240
连,542
连山,330
连山走,1493
连山走穷,2234
雄,510
雄姿,1931
雄姿未,1074
雄姿未受,769
雄姿未受伏,2233
雄姿未受伏枥,118
群,432
群顽,2185
群顽既,619
跳,2106
跳丸,1845
跳丸日,452
跳丸日月,874
跳丸日月十,366
跳丸日月十经,1849
临,1131
临高,1864
天,1848
天寒,2211
天寒梦,1860
天寒梦泽,1962
今,998
今来,1262
今来喜,1097
今来喜再,1710
十,495
十二,1969
十二峰,1435
十二峰头,735
十二峰头插,1965
十二峰头插天,1345
预,1671
预恐,1912
预恐尊,878
预恐尊中,1125
垂,1640
垂竿,28
垂竿向,527
垂竿向绿,301
又,1291
又如,1665
又如参,2248
又如参与,1833
林,169
林间,784
林间公,1425
林间公子,1985
林间公子挟,1226
林间公子挟弹,1997
却,1340
却略,1013
却略罗,473
却略罗峻,455
千,626
千载,670
千载揖,965
千载揖清,654
山,2102
山藏,1796
山藏鬼,2234
山藏鬼谷,2174
夜,313
夜雨,23
夜雨翦,1767
夜雨翦春,1047
孔,605
孔丘,1211
孔丘盗,558
孔丘盗跖,355
孔丘盗跖俱,988
孔丘盗跖俱尘,396
倾,527
倾绿,702
乃,1423
乃知,1021
乃知贫,214
乃知贫贱,1661
乃知贫贱别,2221
乃知贫贱别更,417
旧,1816
旧穿,420
旧穿杨,1915
旧穿杨叶,2073
旧穿杨叶真,1019
旧穿杨叶真自,1423
饮,1703
饮食,1669
饮食错,924
饮食错昏,2003
百,807
百蛮,767
百蛮破,1675
惨,1476
惨惨,878
惨惨中,429
惨惨中肠,772
君,667
君不,1016
君不见,2113
君不见鞲,2120
君不见鞲上,261
杳,783
杳冥,1379
杳冥云,1325
杳冥云外,565
高,1914
高斋,215
高斋征,2261
高斋征学,151
朝,990
朝扣,1813
朝扣富,1198
朝扣富儿,1919
行,2074
行人,1323
行人但,1379
行人但云,564
行人但云点,1141
行人但云点行,1311
钓,1640
钓竿,1604
钓竿欲,1528
钓竿欲拂,407
钓竿欲拂珊,604
钓竿欲拂珊瑚,1210
箫,768
箫鼓,1200
箫鼓哀,1913
箫鼓哀吟,1113
箫鼓哀吟感,1796
箫鼓哀吟感鬼,2285
永,2248
永与,719
永与奥,1944
永与奥区,1017
逸,1294
逸群,1581
逸群绝,2143
逸群绝足,471
逸群绝足信,2022
逸群绝足信殊,404
兵,641
兵气,1712
兵气涨,6
兵气涨林,2041
盖,325
盖覆,1962
盖覆深,1962
盖覆深深,2057
况,825
况敢,345
况敢遗,1759
况敢遗萌,2093
旗,1203
旗亭,1958
旗亭百,287
旗亭百队,911
旗亭百队开,511
旗亭百队开新,803
南,1748
南国,2101
南国辛,463
南国辛居,835
却,1635
却忆,1515
却忆年,1515
却忆年年,2074
却忆年年人,1750
却忆年年人醉,1199
春,1849
春秋,495
春秋二,1199
春秋二时,1907
春秋二时归,2027
春秋二时归至,1912
腾,1965
腾天,1521
独,484
独此,1623
独此三,2294
独此三休,2120
邑,1498
邑有,1447
邑有弦,65
邑有弦歌,603
西,1049
西方,2252
西方像,630
西方像教,1370
不,1388
不威,2075
不威而,958
眼,2057
眼花,1367
眼花落,389
眼花落井,1536
眼花落井水,1
眼花落井水底,1805
土,1397
土茫,1397
凯,1060
凯旋,2006
凯旋金,2009
泾,119
泾渭,667
泾渭不,1208
泾渭不可,1545
乐,2246
乐游,2326
乐游古,1846
乐游古园,1922
乐游古园崒,126
乐游古园崒森,901
送,1661
送别,1220
送别登,1569
送别登何,385
莫,2046
莫使,2006
莫使金,1912
莫使金尊,561
莫使金尊空,860
莫使金尊空对,452
吾,348
吾闻,1051
吾闻良,2214
吾闻良骥,1408
吾闻良骥老,937
吾闻良骥老始,2208
初,674
初怜,1760
初怜竹,3
初怜竹径,1962
念,267
念尔,912
念尔聚,241
念尔聚星,782
凉,1377
凉风,936
凉风萧,936
凉风萧萧,559
凉风萧萧吹,1929
凉风萧萧吹汝,1842
甫,1318
甫昔,43
甫昔少,1515
甫昔少年,1845
同,1362
同舟,1634
同舟无,2265
同舟无异,1303
堂,359
堂前,1019
堂前自,848
堂前自生,1760
喔,1148
喔咿,2238
喔咿振,501
喔咿振迅,1604
喔咿振迅欲,392
喔咿振迅欲飞,1584
玄,327
玄穹,1067
招,452
招月,274
招月伴,2074
招月伴人,1414
恐,2248
恐与,301
恐与川,1720
恐与川浸,1386
蛱,1217
蛱蝶,392
蛱蝶飞,998
蛱蝶飞来,551
蛱蝶飞来黄,2341
蛱蝶飞来黄鹂,1963
僻,1728
僻近,544
僻近城,1157
僻近城南,1042
忆,1318
忆昔,1902
忆昔霓,87
忆昔霓旌,992
忆昔霓旌下,1157
忆昔霓旌下南,1452
潭,1176
潭香,348
潭香闻,7
潭香闻芰,1979
泉,363
泉声,348
泉声闻,1228
泉声闻复,1842
迷,569
迷邦,2333
迷邦倦,383
迷邦倦客,2246
何,385
何处,1035
何处先,291
何处先贤,1591
济,1157
济南,1619
济南名,835
济南名士,183
枯,410
枯涧,1034
枯涧为,848
枯涧为生,1048
风,996
风松,1014
风松肃,817
风松肃泠,817
寥,186
寥寥,1751
寥寥隔,988
寥寥隔尘,919
可,674
可怜,278
可怜王,1404
可怜王孙,1631
可怜王孙泣,2191
可怜王孙泣路,949
离,1294
离群,1732
离群会,1075
离群会墨,814
羊,784
羊公,2132
羊公碑,505
羊公碑字,1699
浩,65
浩歌,2008
浩歌渌,1536
浩歌渌水,361
别,979
别馆,208
别馆当,1834
别馆当虚,1003
事,2022
事殊,1837
事殊兴,1988
事殊兴极,1438
事殊兴极忧,1182
事殊兴极忧思,457
轻,1427
轻红,2243
轻红流,2286
轻红流烟,736
轻红流烟湿,526
轻红流烟湿艳,510
大,1056
大夫,1865
大夫官,1807
大夫官重,1750
大夫官重醉,750
大夫官重醉江,1304
道,2191
道路,149
道路疲,1882
道路疲千,2066
恐,469
恐泥,1465
恐泥窜,1990
恐泥窜蛟,1747
春,1965
春天,975
春天衣,870
春天衣著,1034
春天衣著为,1166
春天衣著为君,557
蔼,166
蔼蔼,1840
蔼蔼浮,1379
蔼蔼浮云,392
子,1112
子规,2018
子规夜,2151
子规夜啼,542
子规夜啼山,1760
子规夜啼山竹,242
奔,2243
奔流,662
奔流到,697
奔流到海,667
奔流到海不,1228
奔流到海不复,711
浩,255
浩浩,1423
浩浩知,1299
浩浩知皇,1377
梦,196
梦寐,114
梦寐几,711
梦寐几回,2058
梦寐几回迷,216
梦寐几回迷蛱,1217
仰,1965
仰天,86
仰天俯,664
仰天俯地,667
仰天俯地不,898
仰天俯地不忍,764
春,1788
春夏,1308
春夏作,1435
明,784
明公,565
明公去,272
明公去一,563
看,1851
看射,1076
看射猛,1980
看射猛虎,439
看射猛虎终,573
看射猛虎终残,1515
巴,542
巴山,2120
巴山上,1723
巴山上峡,1807
巴山上峡重,1228
巴山上峡重复,1807
水,1367
水落,1743
水落鱼,1932
水落鱼梁,2229
高,227
高位,918
高位纷,918
高位纷纷,1016
高位纷纷见,1144
高位纷纷见陷,2074
人,1781
人寰,300
人寰难,923
人寰难容,2014
自,380
自顾,1231
自顾转,1634
自顾转无,2040
所,445
所贵,1385
所贵旷,835
所贵旷士,1749
花,2319
花邀,626
花邀载,90
花邀载酒,107
每,483
每岁,1466
每岁攻,704
每岁攻驹,1478
每岁攻驹冠,2026
每岁攻驹冠边,47
沮,2002
沮漳,1304
沮漳东,1732
沮漳东会,2243
鸿,1953
鸿毛,972
鸿毛鼎,925
鸿毛鼎便,1093
泪,992
泪下,2243
泪下流,147
泪下流衽,915
披,944
披攘,2028
披攘蒙,787
花,992
花下,151
花下问,2301
花下问渔,1362
丈,2074
丈人,2048
丈人试,1195
丈人试静,2094
悄,212
悄悄,1856
悄悄素,2212
悄悄素浐,2191
数,1249
数骑,1361
数骑弯,1997
数骑弯弓,825
数骑弯弓敢,2085
数骑弯弓敢驰,1853
烈,1794
烈烈,84
烈烈旆,1248
烈烈旆其,334
但,1016
但见,1335
但见牛,1384
但见牛羊,1294
目,1988
目极,688
目极魂,2277
目极魂断,634
目极魂断望,667
目极魂断望不,1016
系,529
系虏,998
系虏来,278
系虏来王,1054
惟,1199
惟时,667
惟时不,39
六,452
六月,1377
六月风,1845
六月风日,646
耳,2026
耳边,342
耳边已,2104
耳边已似,348
耳边已似闻,965
耳边已似闻清,1018
沃,760
沃野,911
沃野开,1965
沃野开天,428
栖,1260
栖迟,1774
栖迟共,2078
栖迟共取,1428
崇,1254
崇冈,1037
崇冈相,1467
崇冈相枕,1334
高,1914
高斋,1278
高斋坐,6
高斋坐林,1539
筝,1909
筝柱,1767
筝柱春,1377
筝柱春风,559
筝柱春风吹,816
筝柱春风吹晓,452
洋,1989
洋洋,472
洋洋西,697
洋洋西海,1536
长,232
长鲸,2258
长鲸喷,2327
长鲸喷涌,667
长鲸喷涌不,1208
长鲸喷涌不可,1264
早,1729
早充,2334
早充观,1748
早充观国,1296
宛,1699
宛在,593
宛在长,1919
宛在长门,1611
何,1500
何惜,1750
何惜醉,2243
何惜醉流,2069
截,1526
截玉,1702
截玉钻,241
截玉钻星,921
截玉钻星寄,2046
截玉钻星寄使,1166
清,1437
清晨,854
清晨陪,650
清晨陪跻,187
悄,1337
悄然,1278
悄然坐,1069
悄然坐我,1965
悄然坐我天,556
悄然坐我天姥,992
再,561
再空,312
再空芳,483
再空芳岁,464
出,1919
出门,1228
出门复,1952
出门复入,1919
一,89
一笑,1252
一笑五,1379
一笑五云,888
一笑五云溪,2120
一笑五云溪上,1362
稿,1312
稿砧,1512
稿砧刀,1435
稿砧刀头,1931
稿砧刀头未,1498
稿砧刀头未有,1199
宛,1699
宛在,878
宛在中,2243
宛在中流,520
宛在中流渤,1885
宛在中流渤澥,965
过,428
过庭,2016
过庭交,1063
过庭交分,1498
过庭交分有,1634
过庭交分有无,958
弟,1230
弟侄,1569
弟侄何,1169
弟侄何伤,1487
弟侄何伤泪,1291
弟侄何伤泪如,313
祖,1968
祖筵,750
祖筵江,2120
祖筵江上,2268
铁,718
铁马,1379
铁马云,1011
铁马云雾,430
但,712
但道,570
但道困,417
但道困苦,94
但道困苦乞,1034
但道困苦乞为,1426
中,2046
中使,1845
中使日,2018
中使日夜,93
焉,1423
焉知,495
焉知二,874
焉知二十,626
龙,1186
龙旂,494
龙旂翻,697
龙旂翻海,1517
舞,1085
舞鹤,107
舞鹤过,1428
舞鹤过闲,880
应,2025
应沈,755
应沈数,1324
应沈数州,1057
细,804
细软,1694
细软青,1441
细软青丝,2180
老,1056
老夫,667
老夫不,955
老夫不出,593
老夫不出长,827
老夫不出长蓬,1666
始,1016
始见,1176
始见香,1940
始见香炉,1969
叹,1394
叹息,1767
叹息春,1377
叹息春风,1140
雄,510
雄姿,1031
雄姿逸,280
雄姿逸态,1569
雄姿逸态何,390
雄姿逸态何崷,1922
鸟,165
鸟呼,2102
鸟呼藏,1248
鸟呼藏其,2014
顾,1730
顾惟,751
顾惟蝼,702
顾惟蝼蚁,247
主,12
主称,1732
主称会,2114
主称会面,300
兽,1580
兽之,1493
空,921
空寄,363
空寄声,1200
空寄声哀,1200
取,1091
取适,1157
取适南,709
取适南巷,1556
笔,1777
笔阵,1938
笔阵独,1986
笔阵独扫,1882
笔阵独扫千,2074
笔阵独扫千人,1647
倾,1824
倾壶,272
倾壶一,1396
倾壶一解,2313
白,654
白波,1455
白波连,542
白波连山,1772
白波连山倒,827
白波连山倒蓬,1824
焉,1423
焉知,133
焉知饿,54
焉知饿死,1607
焉知饿死填,635
焉知饿死填沟,453
间,560
间关,551
间关黄,941
间关黄鸟,65
因,1870
因念,1276
因念远,1469
因念远戍,649
何,843
何由,2104
何由似,1474
何由似平,1318
道,1710
道逢,574
道逢麹,314
道逢麹车,321
道逢麹车口,2243
道逢麹车口流,2218
岁,1848
岁寒,151
岁寒问,1531
岁寒问耆,968
船,2163
船舷,2184
船舷暝,356
船舷暝戛,1379
船舷暝戛云,1237
船舷暝戛云际,496
吾,1954
吾友,97
吾友太,1221
吾友太乙,1425
月,1367
月落,109
月落辕,1919
月落辕门,768
月落辕门鼓,811
月落辕门鼓角,1584
烟,1826
烟笼,1848
烟笼寒,1536
烟笼寒水,452
烟笼寒水月,1826
烟笼寒水月笼,201
主,1078
主父,667
主父不,1423
主父不知,982
主父不知加,450
主父不知加妾,115
前,905
前棹,1952
前棹入,2057
前棹入花,6
食,1580
食之,44
食之豪,1165
食之豪健,472
食之豪健西,1403
食之豪健西域,1634
荆,278
荆王,991
荆王猎,1199
荆王猎时,1710
荆王猎时逢,1589
荆王猎时逢暮,313
庙,773
庙谋,500
庙谋蓄,593
庙谋蓄长,481
烈,1377
烈风,1634
烈风无,1199
烈风无时,2294
抗,1193
抗乔,2157
盖,794
盖棺,919
盖棺事,2103
盖棺事则,342
乘,1837
乘兴,620
乘兴遣,1822
乘兴遣画,15
乘兴遣画沧,210
乘兴遣画沧洲,2040
蒹,2335
蒹葭,270
蒹葭离,1026
蒹葭离披,565
三,1892
三叹,90
三叹酒,1703
三叹酒食,2288
隐,1016
隐见,965
隐见清,1692
隐见清湖,678
杜,1896
杜陵,760
杜陵野,383
杜陵野客,2074
杜陵野客人,2221
杜陵野客人更,146
沈,693
沈饮,1171
沈饮聊,1019
沈饮聊自,1091
栖,881
栖栖,1554
栖栖吴,596
栖栖吴楚,169
秽,2133
秽浊,2022
秽浊殊,1931
秽浊殊未,965
清,2018
清夜,1412
清夜置,90
清夜置酒,1229
清夜置酒临,359
清夜置酒临前,245
美,2074
美人,2313
美人颜,1625
美人颜色,651
美人颜色娇,1291
美人颜色娇如,2057
接,1150
接要,1303
接要心,342
接要心已,2061
头,2120
头上,1569
头上何,297
头上何所,1498
浮,1410
浮光,567
浮光随,1845
浮光随日,2295
化,1030
化敌,1034
化敌为,1643
菱,1915
菱叶,1979
菱叶荷,2057
菱叶荷花,1195
菱叶荷花静,1291
菱叶荷花静如,614
骨,734
骨肉,667
骨肉不,1363
骨肉不待,958
骨肉不待同,2085
骨肉不待同驰,1653
园,771
园槿,1790
园槿绽,1427
园槿绽红,526
不,1016
不见,1555
不见湘,1557
不见湘妃,768
不见湘妃鼓,164
不见湘妃鼓瑟,1199
花,1919
花门,884
花门k,786
花门kO,2114
花门kO面,63
花门kO面请,72
花门kO面请雪,1041
投,1320
投迹,54
投迹死,664
当,1199
当时,2179
当时四,874
当时四十,1780
当时四十万,1626
当时四十万匹,718
细,1508
细腰,557
日,838
日夕,910
日夕故,1846
日夕故园,258
清,1581
清绝,2094
清绝听,1674
清绝听者,466
怪,1
怪底,750
怪底江,542
怪底江山,1140
怪底江山起,2286
怪底江山起烟,1011
号,1706
号以,1757
焉,721
焉得,707
焉得附,1679
焉得附书,2248
焉得附书与,1069
焉得附书与我,1647
藤,593
藤长,1134
藤长险,1070
藤长险易,650
客,878
客中,50
客中遇,1423
客中遇知,358
维,1157
维南,1498
维南有,1832
维南有崇,542
势,2267
势阅,2074
势阅人,1809
势阅人代,1612
更,1024
更调,354
更调鞍,718
更调鞍马,1920
更调鞍马狂,779
更调鞍马狂欢,322
亦,1699
亦在,1408
亦在老,798
亦在老大,1199
寂,733
寂默,366
寂默经,1882
寂默经千,191
使,1069
使我,2313
使我颜,1625
使我颜色,1168
荡,697
荡海,1799
鞭,264
鞭挞,1248
鞭挞其,1056
鞭挞其夫,1643
各,1699
各在,1965
各在天,272
各在天一,509
空,2046
空使,1157
空使南,1303
空使南心,1276
空使南心远,1321
空使南心远凄,867
御,360
御榻,1699
御榻在,237
御榻在嵽,1727
吴,596
吴楚,2329
吴楚各,1514
吴楚各依,1337
深,721
深得,1278
深得坐,159
深得坐忘,1303
迹,565
迹去,2211
迹去梦,272
迹去梦一,1688
天,1082
天衢,678
天衢阴,2272
天衢阴峥,1673
空,1932
空梁,1755
空梁簇,1822
空梁簇画,1471
一,565
一去,400
一去绕,716
一去绕潇,1555
犒,1149
犒乐,1493
犒乐穷,2294
犒乐穷休,2118
翦,2124
翦焉,2103
翦焉则,1400
杯,513
杯莫,1509
赤,544
赤城,2039
赤城映,378
赤城映朝,1845
怅,634
怅望,1767
怅望春,678
怅望春阴,114
怅望春阴几,1506
怅望春阴几首,661
浩,791
浩荡,1634
浩荡无,2248
浩荡无与,1091
再,998
再来,2058
再来迷,385
再来迷处,297
物,1625
物色,530
物色正,1291
物色正如,484
使,1166
使君,711
使君回,718
使君回马,736
使君回马湿,87
使君回马湿旌,334
自,183
自多,1493
自多穷,2043
自多穷岫,313
百,660
百祥,2284
百祥奔,2098
百祥奔盛,2095
君,135
君臣,2130
君臣留,779
君臣留欢,326
外,2169
外物,1155
外物慕,336
外物慕张,2030
仰,1816
仰穿,1747
仰穿龙,498
仰穿龙蛇,2001
空,2246
空游,341
空游昨,1845
空游昨日,664
人,919
人事,272
人事一,378
人事一朝,1125
声,2053
声价,2031
声价欻,1337
声价欻然,998
声价欻然来,28
声价欻然来向,1304
默,1182
默思,311
默思失,223
默思失业,1701
暮,231
暮亦,1498
暮亦有,297
暮亦有所,1182
餐,2069
餐霞,1724
餐霞卧,1981
餐霞卧赤,544
娇,1447
娇弦,1526
娇弦玉,818
娇弦玉指,965
南,690
南纪,472
南纪西,750
南纪西江,631
猿,2151
猿啼,1623
猿啼三,363
猿啼三声,1487
猿啼三声泪,546
猿啼三声泪沾,975
尸,638
尸骸,430
尸骸积,1291
尸骸积如,1910
天,1170
天厚,551
天厚黄,1567
帝,431
帝乡,1038
帝乡佳,641
帝乡佳气,36
帝乡佳气郁,1044
帝乡佳气郁葱,1044
调,1131
调高,37
调高银,505
调高银字,363
调高银字声,1414
调高银字声还,891
咿,2
咿嗢,1272
咿嗢九,1594
咿嗢九译,1807
会,157
会理,1423
会理知,1634
会理知无,1069
歌,455
歌屏,378
歌屏朝,2264
歌屏朝掩,726
一,2239
一举,550
一举累,874
一举累十,579
石,1919
石门,257
石门霜,894
石门霜露,323
坐,1326
坐看,593
坐看长,1788
坐看长夏,1267
黄,1919
黄门,392
黄门飞,577
黄门飞鞚,667
黄门飞鞚不,45
黄门飞鞚不动,988
高,1864
高台,2179
高台四,634
高台四望,958
东,1067
东弥,593
东弥长,1149
东弥长乐,2334
白,1085
白鹤,1694
白鹤青,797
白鹤青岩,387
去,718
去马,998
去马来,1335
去马来牛,667
去马来牛不,1228
去马来牛不复,446
有,1199
有时,623
有时浴,1981
有时浴赤,1845
吾,1830
吾甘,2011
吾甘杂,592
吾甘杂蛙,2310
更,593
更长,624
更长烛,2095
更长烛明,667
更长烛明不,1208
更长烛明不可,594
高,848
高生,13
高生跨,354
高生跨鞍,718
慎,513
慎莫,1728
慎莫近,359
慎莫近前,1617
慎莫近前丞,1037
慎莫近前丞相,112
春,1845
春日,2121
春日潜,1141
春日潜行,361
春日潜行曲,750
春日潜行曲江,361
遗,1012
遗堞,1113
遗堞感,2027
遗堞感至,271
人,848
人生,387
人生半,1200
人生半哀,1149
富,445
富贵,1569
富贵何,1291
富贵何如,365
富贵何如草,1435
富贵何如草头,894
武,1896
武陵,301
武陵川,2191
武陵川路,1115
欻,1337
欻然,1604
欻然欲,1545
欻然欲求,285
旷,887
旷原,1693
旷原延,783
旷原延冥,1310
啼,941
啼鸟,482
啼鸟弄,2057
啼鸟弄花,1663
烟,1536
烟水,506
烟水洞,428
烟水洞庭,1962
泾,1536
泾水,551
战,48
战武,137
此,258
此意,2038
此意竟,936
此意竟萧,1160
共,653
共谒,1664
共谒聪,784
共谒聪公,1356
侧,2094
侧听,1447
侧听弦,65
侧听弦歌,603
气,1285
气溟,697
气溟海,2157
气溟海岳,1962
初,721
初得,2057
初得花,2205
初得花骢,798
初得花骢大,1641
初得花骢大宛,756
山,941
山鸟,1742
山鸟助,492
山鸟助酣,65
可,674
可怜,2006
可怜金,2234
可怜金谷,749
可怜金谷坠,1042
可怜金谷坠楼,2074
玉,1073
玉佩,648
玉佩仍,208
玉佩仍当,65
因,772
因悲,878
因悲中,6
因悲中林,835
帝,381
帝谓,2285
帝谓神,48
帝谓神武,866
鬼,2285
鬼神,998
鬼神来,1742
五,2057
五花,718
白,1536
白水,1016
白水见,1102
白水见舅,1616
愿,921
愿寄,272
愿寄一,1679
愿寄一书,1973
愿寄一书谢,1910
愿寄一书谢麻,1215
词,681
词源,1772
词源倒,2243
词源倒流,1623
词源倒流三,1723
词源倒流三峡,1536
始,2248
始与,2309
始与捶,596
始与捶楚,2152
廨,539
廨署,923
廨署容,1849
廨署容秋,398
明,1796
明鬼,1944
皇,422
皇谟,626
皇谟载,798
波,1455
波连,697
波连海,2120
波连海上,542
北,1618
北渚,1696
北渚凌,1694
北渚凌青,1979
縻,1706
縻以,2213
縻以尺,978
李,323
李白,272
李白一,2321
李白一斗,661
李白一斗诗,1958
李白一斗诗百,2308
羽,2150
羽翼,336
白,1845
白日,2185
白日既,1379
白日既云,1589
骑,1637
骑驴,1623
骑驴三,874
骑驴三十,626
忽,662
忽到,2065
忽到窗,359
忽到窗前,1342
忽到窗前疑,105
忽到窗前疑是,1166
束,1368
束刃,1313
束刃逾,542
束刃逾山,1040
渚,2088
渚蒲,2155
渚蒲牙,323
渚蒲牙白,1536
渚蒲牙白水,2189
渚蒲牙白水荇,1694
奄,1308
奄作,829
奄作岱,2320
奄作岱宗,2246
黄,1571
黄鹄,565
黄鹄去,667
黄鹄去不,1394
宫,1611
宫殿,463
宫殿居,2120
宫殿居上,1435
思,1166
思君,343
思君令,2074
思君令人,820
主,2074
主人,2084
主人锦,1529
主人锦帆,1037
主人锦帆相,1034
主人锦帆相为,911
仁,1674
仁者,379
仁者宜,1167
仁者宜战,1242
汉,2128
汉将,1406
汉将承,118
汉将承恩,472
汉将承恩西,767
汉将承恩西破,1104
苍,1397
苍茫,667
苍茫不,816
苍茫不晓,2285
苍茫不晓神,456
苍茫不晓神灵,258
霜,705
霜橙,2127
霜橙压,1176
霜橙压香,490
洞,1919
洞门,1125
洞门尽,1857
洞门尽徐,1820
山,1536
山水,968
山水旧,300
山水旧难,1619
铁,851
铁凤,126
铁凤森,788
铁凤森翱,2231
馹,1249
馹骑,2085
馹骑驰,994
馹骑驰坤,949
虞,2074
虞人,1838
虞人设,831
虞人设网,208
虞人设网当,1150
虞人设网当要,2191
精,1808
精舍,1982
精舍买,2006
精舍买金,911
天,2057
天花,2003
天花昼,992
天花昼下,998
归,998
归来,1435
归来头,323
归来头白,1414
归来头白还,1469
归来头白还戍,2026
绳,799
绳床,1016
绳床见,1980
绳床见虎,1805
水,1899
水接,472
水接西,750
水接西江,1965
水接西江天,1325
水接西江天外,363
访,968
访旧,387
访旧半,1034
访旧半为,1796
可,674
可怜,271
可怜今,2018
可怜今夜,306
可怜今夜宿,2117
可怜今夜宿倡,1643
空,726
空翠,1367
空翠落,428
空翠落庭,678
征,1605
征轩,2095
征轩明,1845
征轩明日,1276
凤,1023
凤凰,1042
凤凰楼,992
凤凰楼下,1175
凤凰楼下双,1175
凤凰楼下双双,2295
安,472
安西,1054
安西都,541
安西都护,2253
安西都护胡,1694
安西都护胡青,2205
石,1497
石壁,1399
石壁滑,891
石壁滑侧,2143
随,1377
随风,1543
随风照,1845
随风照日,379
随风照日宜,1246
随风照日宜轻,2239
法,313
法雨,444
法雨晴,392
法雨晴飞,565
光,2095
光明,323
光明白,1096
光明白氎,406
有,1248
有其,495
始,955
始出,347
始出枝,1446
始出枝撑,2174
客,1182
客思,1931
客思未,1925
客思未遑,752
天,1425
天子,1460
天子命,499
天子命元,701
呜,165
呜呼,1165
呜呼健,1820
呜呼健步,1634
呜呼健步无,843
呜呼健步无由,1945
桃,2057
桃花,897
桃花乱,1367
桃花乱落,1291
桃花乱落如,1427
桃花乱落如红,313
凭,1605
凭轩,1303
凭轩心,940
凭轩心力,1493
走,107
走过,713
走过掣,781
走过掣电,687
走过掣电倾,544
走过掣电倾城,1423
萱,365
萱草,1849
萱草秋,342
萱草秋已,54
瑞,411
瑞芝,2176
瑞芝产,143
瑞芝产庙,1909
秋,452
秋月,848
秋月生,1013
秋月生罗,2054
往,215
往征,39
往征靖,1299
往征靖皇,1643
日,1589
日暮,1323
日暮但,348
日暮但闻,96
酒,878
酒中,1634
酒中无,643
酒中无毒,343
酒中无毒令,1449
酒中无毒令主,2007
穿,172
穿屋,1816
穿屋穿,2086
穿屋穿墙,667
穿屋穿墙不,1423
穿屋穿墙不知,2144
吐,2234
吐谷,1503
吐谷浑,2098
吐谷浑盛,1235
崆,2134
崆峒,220
崆峒小,2240
崆峒小麦,1432
诗,963
诗卷,593
诗卷长,2130
诗卷长留,1965
诗卷长留天,664
诗卷长留天地,169
暂,1866
暂蹶,257
暂蹶霜,1008
暂蹶霜蹄,1931
暂蹶霜蹄未,1034
暂蹶霜蹄未为,311
绿,1210
绿树,2226
绿树摇,1767
绿树摇春,1377
云,2315
云阙,1834
云阙虚,868
云阙虚冉,868
不,1423
不知,271
不知今,2326
不知今古,1141
不知今古行,2074
不知今古行人,1141
君,1425
君子,919
君子事,1141
君子事行,1638
嘉,589
嘉蔬,1057
嘉蔬没,8
嘉蔬没混,2133
君,258
君意,2074
君意人,513
君意人莫,1423
城,2127
城压,611
城压伍,1839
城压伍胥,1347
自,381
自谓,766
自谓颇,158
自谓颇挺,955
千,626
千载,596
千载楚,1783
千载楚襄,2072
猛,2128
猛将,918
猛将纷,1607
猛将纷填,1568
龙,756
龙种,1019
龙种自,2248
龙种自与,1609
龙种自与常,2074
龙种自与常人,2022
如,2094
如听,1780
如听万,2138
如听万室,2331
只,271
只今,1931
只今未,1750
只今未醉,342
只今未醉已,1035
只今未醉已先,772
至,1912
至尊,380
至尊顾,1580
至尊顾之,89
吟,1724
吟卧,667
吟卧不,1423
吟卧不知,1414
鱼,1747
鱼龙,231
鱼龙亦,904
鱼龙亦避,2205
役,1056
役夫,825
役夫敢,731
役夫敢申,2072
鬓,1071
鬓衰,90
鬓衰酒,1145
鬓衰酒减,1604
鬓衰酒减欲,198
鬓衰酒减欲谁,469
吾,2074
吾人,1830
吾人甘,1308
吾人甘作,1303
吾人甘作心,2104
吾人甘作心似,1330
乘,1249
乘骑,2295
乘骑度,1430
乘骑度荆,560
水,1203
水亭,1307
水亭凉,641
水亭凉气,183
北,1988
北极,1042
北极楼,1864
北极楼台,593
北极楼台长,1243
北极楼台长挂,2211
浩,255
浩浩,697
浩浩海,1898
双,161
双雌,958
双雌同,693
双雌同饮,1290
翘,1759
翘萌,2155
尘,396
尘埃,667
尘埃不,1016
尘埃不见,83
尘埃不见咸,1686
尘埃不见咸阳,61
一,808
一览,2060
一览众,542
一览众山,220
胜,193
胜败,98
胜败兵,1643
胜败兵家,919
胜败兵家事,667
胜败兵家事不,464
王,1460
王命,1865
王命官,989
王命官属,2294
焉,17
焉能,1308
焉能作,879
焉能作堂,2120
焉能作堂上,761
恨,667
恨不,1093
恨不移,170
恨不移封,28
恨不移封向,90
恨不移封向酒,1048
咸,998
咸来,642
一,951
一饭,2179
一饭四,1252
一饭四五,1140
白,532
白石,1856
白石素,201
白石素沙,231
白石素沙亦,1037
白石素沙亦相,791
熊,1980
熊虎,2011
熊虎杂,1747
熊虎杂龙,498
沸,1965
沸天,1780
沸天万,289
沸天万乘,45
荒,483
荒岁,1198
荒岁儿,102
荒岁儿女,820
千,282
千村,1780
千村万,1367
千村万落,848
千村万落生,1430
千村万落生荆,2269
得,1956
得非,677
得非悬,1116
得非悬圃,242
永,1955
永永,1591
永永传,1634
永永传无,1493
故,2074
故人,2208
故人成,2265
故人成异,2169
故,2074
故人,1661
故人别,998
故人别来,2114
故人别来面,1291
故人别来面如,72
射,481
射策,1166
射策君,1919
射策君门,464
射策君门期,1668
射策君门期第,272
新,363
新声,1425
新声子,2018
新声子夜,65
西,998
西来,1694
西来青,941
西来青鸟,1304
西来青鸟东,392
西来青鸟东飞,565
主,2120
主上,2164
主上顷,1016
主上顷见,215
修,1760
修竹,667
修竹不,1074
修竹不受,1391
官,1647
官军,472
官军西,955
官军西出,107
官军西出过,1042
官军西出过楼,1547
千,2066
千里,593
千里长,895
千里长河,1238
千里长河初,2188
千里长河初冻,1199
鱼,2104
鱼似,1709
鱼似镜,878
鱼似镜中,677
时,1862
时爱,527
时爱绿,1468
时爱绿萝,1428
睹,2251
睹兹,1749
睹兹怀,968
睹兹怀旧,223
筵,540
筵秩,1213
筵秩宴,2148
筵秩宴北,6
金,1553
金缕,1822
金缕画,455
金缕画屏,911
落,1845
落日,2128
落日将,1291
落日将如,1569
高,1119
高标,13
高标跨,1987
高标跨苍,1965
错,1766
错磨,439
错磨终,1157
错磨终南,726
或,642
或从,874
或从十,1252
或从十五,2148
或从十五北,2200
或从十五北防,895
寒,656
寒宵,937
寒宵始,387
寒宵始半,2221
勩,2077
勩于,2285
勩于神,78
歌,661
歌诗,1590
歌诗铙,768
歌诗铙鼓,169
唐,223
唐业,1291
唐业如,542
唐业如山,1832
背,1355
背若,594
背若孤,215
背若孤征,1817
崷,1922
崷崒,1524
崷崒增,1410
崷崒增光,352
开,1427
开红,1829
开红满,968
开红满旧,347
生,1710
生逢,2196
生逢尧,1439
生逢尧舜,1166
早,706
早逐,890
早逐雁,1157
早逐雁南,392
专,1965
专天,516
亲,2210
亲戚,178
亲戚讙,1150
亲戚讙要,1823
愚,258
愚意,1732
愚意会,297
愚意会所,1091
钓,1526
钓玉,1166
钓玉君,1701
钓玉君徒,2274
户,1325
户外,272
户外一,1969
户外一峰,1646
马,936
马萧,936
交,895
交河,114
交河几,221
交河几蹴,18
交河几蹴曾,1300
交河几蹴曾冰,242
当,1605
当轩,992
当轩下,718
当轩下马,1952
当轩下马入,2084
当轩下马入锦,745
邓,784
邓公,718
邓公马,980
邓公马癖,2074
邓公马癖人,1774
邓公马癖人共,1423
少,1603
少微,241
少微星,45
少微星动,1543
少微星动照,1767
少微星动照春,1379
身,1595
身犹,1889
身犹缚,1356
身犹缚禅,1448
文,534
文叨,576
文叨才,1425
文叨才子,1732
洪,1730
洪惟,1069
洪惟我,157
主,271
主今,1548
主今颠,1772
主今颠倒,1983
主今颠倒安,1412
主今颠倒安置,450
为,1069
为我,1973
为我谢,1474
为我谢平,2010
曹,1485
曹刘,927
曹刘须,1699
曹刘须在,818
曹刘须在指,1103
曹刘须在指挥,878
云,542
云山,342
云山已,478
云山已发,1837
江,1536
江水,750
江水江,2057
江水江花,1939
江水江花岂,439
江水江花岂终,1988
导,1721
导漾,1019
导漾自,1266
导漾自嶓,517
何,664
何地,1786
何地早,312
何地早芳,885
擘,532
擘石,1645
擘石摧,6
擘石摧林,605
深,1884
深院,1655
深院果,2174
深院果幽,464
解,1401
解缆,1069
解缆我,911
解缆我开,1968
宴,1394
宴息,2057
宴息花,6
宴息花林,992
安,721
安得,1249
安得骑,1817
安得骑鸿,1571
明,378
明朝,2115
明朝且,1952
明朝且入,1698
明朝且入蓝,438
明朝且入蓝田,542
迷,1303
迷心,2070
迷心应,1688
迷心应觉,633
农,1056
农夫,438
农夫田,1681
农夫田妇,1634
农夫田妇无,1351
农夫田妇无消,1394
洗,98
洗兵,1743
洗兵鱼,697
洗兵鱼海,1379
洗兵鱼海云,461
洗兵鱼海云迎,1777
主,2074
主人,511
主人新,1319
主人新邸,1668
小,1518
小槽,90
小槽酒,69
小槽酒滴,2073
小槽酒滴真,256
小槽酒滴真珠,1427
片,1526
片玉,998
片玉来,2227
片玉来夸,596
高,2045
高谈,1760
高谈竹,1100
高谈竹屿,169
苑,763
苑锁,1453
苑锁池,305
苑锁池塘,1958
苑锁池塘百,483
苑锁池塘百岁,561
辞,383
辞客,1573
辞客倚,1377
辞客倚风,1913
辞客倚风吟,2170
辞客倚风吟暗,2167
龙,2126
龙媒,1318
龙媒昔,105
龙媒昔是,2119
龙媒昔是渥,1901
龙媒昔是渥洼,848
答,1379
答云,272
答云一,1679
答云一书,683
咸,2316
咸愿,522
咸愿图,493
咸愿图形,923
屋,359
屋前,97
屋前太,2326
屋前太古,842
屋前太古玄,1054
屋前太古玄都,629
衔,469
衔泥,707
衔泥附,74
衔泥附炎,1106
治,878
治中,1308
治中作,1449
治中作主,2074
新,1515
新年,1425
新年子,2148
新年子北,215
光,988
光尘,17
光尘能,8
光尘能混,1214
亦,1498
亦有,1932
亦有梁,110
亦有梁宋,2246
今,848
今生,593
今生长,1374
今生长短,958
今生长短同,272
今生长短同一,850
河,1015
河右,1771
河右澶,1409
斜,860
斜对,1830
斜对甘,1048
斜对甘泉,2191
老,798
老大,258
老大意,1231
老大意转,889
晓,1377
晓风,392
晓风飞,313
晓风飞雨,848
晓风飞雨生,2139
晓风飞雨生苔,2259
青,1694
青青,1034
青青为,198
青青为谁,1767
白,1506
白首,1830
白首甘,1188
白首甘契,631
犀,1951
犀箸,1551
犀箸厌,2236
犀箸厌饫,1489
犀箸厌饫久,1931
犀箸厌饫久未,992
儿,102
儿女,1013
儿女罗,90
儿女罗酒,1072
紫,761
紫燕,1019
紫燕自,120
紫燕自超,983
貌,721
貌得,542
貌得山,508
貌得山僧,1639
貌得山僧及,2137
貌得山僧及童,1425
何,385
何处,14
何处觅,2102
何处觅藏,1362
物,382
物性,1017
物性固,513
物性固莫,185
风,1160
风条,1416
风条洒,1124
风条洒馀,2076
随,128
随牒,947
随牒牵,551
随牒牵黄,333
涧,1505
涧影,1016
涧影见,996
涧影见松,1760
莽,1337
莽然,2033
天,1848
天寒,693
天寒饮,718
天寒饮马,97
天寒饮马太,323
天寒饮马太白,2001
声,902
声华,2073
声华真,1208
声华真可,2094
今,1016
今见,238
今见鶺,1126
今见鶺鴒,1303
骕,2082
骕骦,272
骕骦一,685
骕骦一骨,1938
骕骦一骨独,208
骕骦一骨独当,205
桂,347
桂枝,1291
桂枝如,342
桂枝如已,1027
杜,1896
杜陵,1498
杜陵有,246
杜陵有布,975
五,1896
五陵,1038
五陵佳,641
五陵佳气,1634
五陵佳气无,1199
五陵佳气无时,1634
葱,542
葱山,2018
葱山夜,72
葱山夜雪,103
葱山夜雪扑,87
葱山夜雪扑旌,1640
莫,502
莫测,2174
莫测幽,681
莫测幽源,2066
吾,1938
吾独,2253
吾独胡,1034
吾独胡为,1699
吾独胡为在,469
吾独胡为在泥,2190
纵,1498
纵有,1165
纵有健,1681
纵有健妇,192
纵有健妇把,1984
纵有健妇把锄,104
相,565
相去,1882
相去千,2066
相去千里,1124
物,902
物华,1088
物华皆,1208
物华皆可,1163
怒,240
怒鷇,1352
万,542
万山,1694
万山青,926
万山青嶂,361
高,2157
高岳,359
高岳前,403
高岳前嵂,1922
惜,507
惜哉,700
惜哉瑶,1453
惜哉瑶池,693
我,998
我来,642
我来从,297
我来从所,1168
王,866
王师,1291
王师如,1107
王师如雷,1642
承,779
承欢,2160
承欢彩,1287
承欢彩服,2220
分,2095
分明,1503
分明浑,272
分明浑一,464
苦,712
苦道,484
苦道此,2169
苦道此物,100
贝,1915
贝叶,1591
贝叶传,2006
贝叶传金,321
别,1852
别养,2214
别养骥,1425
别养骥子,674
别养骥子怜,2285
别养骥子怜神,1146
对,484
对此,2289
对此融,1303
对此融心,2285
循,917
循环,449
循环反,1228
循环反复,1634
循环反复无,1493
循环反复无穷,342
野,1385
野旷,1965
野旷天,965
野旷天清,1634
野旷天清无,1167
野旷天清无战,363
冯,619
冯夷,1876
冯夷击,768
冯夷击鼓,1294
冯夷击鼓群,1747
冯夷击鼓群龙,162
岂,1423
岂知,1849
岂知秋,1931
岂知秋未,1220
阴,389
阴井,554
阴井敲,883
阴井敲铜,514
远,6
远林,1391
远林暑,641
远林暑气,946
金,718
金马,968
金马旧,2246
金马旧游,445
有,2104
有似,753
有似惧,1226
有似惧弹,1851
陇,760
陇野,1397
更,927
更须,1578
更须慎,1248
更须慎其,1118
罔,667
罔不,537
罗,455
罗屏,2023
罗屏绣,1995
罗屏绣幕,1890
罗屏绣幕围,1176
罗屏绣幕围香,1377
常,613
常拟,2052
常拟报,272
常拟报一,951
穷,466
穷愁,1750
穷愁醉,1931
穷愁醉未,1957
春,211
春嫩,667
春嫩不,1562
春嫩不禁,1848
池,2120
池上,1694
池上青,222
池上青莲,789
方,464
方期,2021
方期拾,700
方期拾瑶,365
味,1291
味如,1830
味如甘,894
味如甘露,1072
衔,82
衔枚,733
衔枚默,1634
衔枚默无,2071
喷,946
喷薄,1712
喷薄涨,797
喷薄涨岩,2174
坐,2094
坐听,1428
坐听闲,1018
坐听闲猿,1417
旅,1703
旅食,1161
旅食京,902
旅食京华,1767
万,2066
万里,1938
万里独,392
万里独飞,565
偶,1337
偶然,1027
偶然擢,1646
偶然擢秀,1956
偶然擢秀非,300
偶然擢秀非难,2078
吾,752
吾宁,1808
吾宁舍,272
吾宁舍一,1200
风,559
风吹,1694
风吹青,389
风吹青井,1236
舞,1085
舞鹤,289
舞鹤乘,1605
舞鹤乘轩,2027
出,385
出处,1649
出处虽,1379
出处虽云,2265
翔,1906
翔鸾,519
翔鸾狎,760
翔鸾狎野,647
焉,1423
焉知,965
焉知清,1837
焉知清兴,439
暖,1176
暖香,1428
暖香闲,767
暖香闲破,377
所,1380
所愧,1034
所愧为,2074
所愧为人,1078
虽,1931
虽未,2208
虽未成,1747
虽未成龙,231
虽未成龙亦,1498
虽未成龙亦有,2285
欲,1900
欲济,2316
欲济愿,1536
欲济愿水,892
无,1703
无食,2275
无食致,1180
无食致夭,1083
群,2253
群胡,1907
群胡归,998
群胡归来,2216
群胡归来血,2122
群胡归来血洗,914
且,2316
且愿,2294
且愿休,278
且愿休王,866
系,529
系虏,1166
系虏君,135
系虏君臣,2074
琉,235
琉璃,1028
琉璃汗,1409
琉璃汗漫,1577
琉璃汗漫泛,1362
琉璃汗漫泛舟,1952
征,2006
征金,1069
征金我,1931
征金我未,291
当,1199
当时,1069
当时我,1750
当时我醉,1445
当时我醉美,2074
当时我醉美人,1643
汝,1686
汝阳,1623
汝阳三,2321
汝阳三斗,937
汝阳三斗始,378
汝阳三斗始朝,1965
人,848
人生,1498
人生有,132
人生有情,1487
人生有情泪,546
人生有情泪沾,1564
童,1198
童儿,1538
童儿汲,389
童儿汲井,902
今,1515
今年,795
今年低,347
今年低枝,342
今年低枝已,1247
今年低枝已憔,1491
香,408
香炭,2006
香炭金,1940
香炭金炉,1835
况,364
况资,1941
况资菱,152
况资菱芡,2143
往,998
往来,314
往来车,718
往来车马,988
绥,1674
绥者,198
指,1314
指直,667
指直不,721
指直不得,844
白,1845
白日,1107
白日雷,2197
白日雷霆,1854
白日雷霆夹,544
白日雷霆夹城,528
先,848
先生,1498
先生有,712
先生有道,955
先生有道出,1190
先生有道出羲,1299
今,838
今夕,1569
今夕何,838
今夕何夕,483
今夕何夕岁,1379
今夕何夕岁云,1725
何,1199
何时,1154
何时通,1362
何时通舟,314
美,2074
美人,375
美人细,258
美人细意,1393
美人细意熨,148
美人细意熨帖,1474
小,2034
小雏,551
小雏黄,321
小雏黄口,1931
小雏黄口未,1498
小雏黄口未有,1423
莫,712
莫道,1634
莫道无,1037
莫道无相,2123
执,1106
执热,467
执热烦,1569
执热烦何,1498
清,2018
清夜,2025
清夜沈,2025
清夜沈沈,45
清夜沈沈动,1767
清夜沈沈动春,1332
折,1378
折柳,594
折柳孤,1913
折柳孤吟,2277
折柳孤吟断,1810
折柳孤吟断杀,429
从,484
从此,460
从此具,823
从此具扁,1362
少,1896
少陵,760
少陵野,1408
少陵野老,2135
少陵野老吞,363
少陵野老吞声,2331
风,1907
风归,2057
风归花,725
风归花历,897
就,878
就中,1379
就中云,1995
就中云幕,58
就中云幕椒,805
就中云幕椒房,657
荣,906
荣枯,1440
荣枯咫,2213
荣枯咫尺,2265
一,1986
一扫,667
一扫不,1228
一扫不复,1124
清,1377
清风,1353
清风左,1015
清风左右,2027
杖,1461
杖藜,593
杖藜长,996
杖藜长松,678
仗,31
仗义,677
仗义悬,1634
仗义悬无,1030
烟,1309
烟绵,1345
烟绵碧,365
烟绵碧草,863
烟绵碧草萋,863
烟绵碧草萋萋,593
几,1882
几千,2066
君,1939
君岂,26
君岂弃,484
君岂弃此,2169
梵,2312
梵放,1199
梵放时,955
梵放时出,496
秋,1125
秋尽,750
秋尽江,1157
秋尽江南,365
秋尽江南草,1364
秋尽江南草木,441
艰,1134
艰险,2191
艰险路,2221
艰险路更,1407
荷,894
荷露,728
荷露渐,2208
荷露渐成,256
天,1425
天子,324
天子预,911
天子预开,1934
天子预开麟,869
天子预开麟阁,1363
青,680
青鞋,246
青鞋布,1844
青鞋布袜,642
青鞋布袜从,484
青鞋布袜从此,937
不,2201
不惮,703
不惮恶,888
不惮恶溪,1619
廓,170
廓封,1340
自,1952
自入,284
自入户,428
自入户庭,169
出,2234
出谷,1931
出谷未,1509
出谷未停,1741
碧,1599
碧丛,1599
且,1228
且复,757
且复寻,2302
且复寻诸,1404
借,151
借问,750
借问江,2120
借问江上,1378
兹,542
兹山,378
兹山朝,1958
兹山朝百,456
最,1688
最觉,1043
最觉润,1747
最觉润龙,793
居,1337
居然,1981
居然赤,948
居然赤县,1482
仲,452
仲月,998
仲月来,1848
仲月来寒,1377
负,97
负太,323
纷,1026
纷披,1034
纷披为,198
纷披为谁,1646
不,825
不敢,593
不敢长,1963
不敢长语,1229
不敢长语临,2016
不敢长语临交,1082
脱,2014
脱身,919
脱身事,2174
脱身事幽,425
扬,1248
扬其,334
可,674
可怜,1435
可怜头,811
可怜头角,1125
可怜头角尽,814
可怜头角尽卿,1429
路,1498
路有,2188
路有冻,54
路有冻死,685
逍,489
逍遥,1064
逍遥展,1051
逍遥展良,886
东,1377
东风,667
东风不,2248
东风不与,2193
东风不与周,1630
东风不与周郎,925
觉,1198
觉儿,1141
觉儿行,1820
觉儿行步,2284
相,860
相对,874
相对十,250
相对十丈,1990
雁,998
雁来,667
雁来不,721
雁来不得,1679
沧,210
沧洲,342
沧洲已,1528
沧洲已拂,975
背,472
背西,697
背西海,1706
背西海以,2227
攀,1160
攀条,614
攀条拭,1487
攀条拭泪,1278
攀条拭泪坐,1037
攀条拭泪坐相,1182
隔,750
隔江,1595
隔江犹,80
隔江犹唱,1207
隔江犹唱后,428
隔江犹唱后庭,2057
秋,1952
秋入,661
秋入诗,2074
秋入诗人,258
有,135
有臣,1667
有臣勇,960
吾,1248
吾其,1767
吾其春,365
吾其春草,2093
若,1956
若非,1965
若非天,185
若非天夺,565
况,1749
况怀,2152
况怀辞,798
况怀辞大,135
助,571
助仇,1559
助仇抗,1498
助仇抗有,1567
权,1919
权门,183
权门多,1765
权门多噂,1806
权门多噂e,2056
夜,1962
夜深,2070
夜深应,1751
夜深应隔,1562
夜深应隔禁,2086
夜深应隔禁墙,348
忽,1710
忽逢,1694
忽逢青,941
忽逢青鸟,2046
腰,992
腰下,1240
腰下宝,934
腰下宝玦,1694
腰下宝玦青,407
腰下宝玦青珊,604
世,169
世间,988
世间尘,899
世间尘土,970
世间尘土谩,1342
世间尘土谩疑,1166
战,2128
战将,1945
战将骋,575
战将骋骐,1081
岁,1991
岁侵,932
岁侵扰,1069
岁侵扰我,351
李,2307
李侯,2006
李侯金,57
李侯金闺,497
独,1482
独立,1987
独立苍,1397
独立苍茫,1019
独立苍茫自,1052
独立苍茫自咏,661
所,998
所来,1034
所来为,2320
所来为宗,555
三,452
三月,1623
三月三,1845
三月三日,1965
三月三日天,641
三月三日天气,511
今,838
今夕,1228
今夕复,1569
今夕复何,838
从,923
从容,151
从容问,617
从容问罪,866
绣,1013
绣罗,975
绣罗衣,263
绣罗衣裳,1543
绣罗衣裳照,1589
绣罗衣裳照暮,1767
虑,2103
虑则,878
不,721
不得,965
不得清,764
不得清言,1396
不得清言解,667
不得清言解不,2294
飘,1390
飘飘,1276
飘飘远,1019
飘飘远自,2243
飘飘远自流,201
飘飘远自流沙,2027
千,542
千山,189
千山叠,2208
千山叠成,926
俯,1758
俯视,1323
俯视但,272
俯视但一,641
胡,1034
胡为,1155
胡为慕,798
胡为慕大,232
颠,1772
颠倒,323
颠倒白,869
颠倒白阁,1505
都,2074
都人,711
都人回,2114
都人回面,28
都人回面向,2148
都人回面向北,2151
主,2074
主人,1569
主人何,1034
主人何为,764
主人何为言,43
主人何为言少,2259
何,1019
何自,2078
何自取,531
何自取专,544
鹰,1177
鹰隼,231
鹰隼亦,248
鹰隼亦屈,1076
宅,1808
宅舍,1291
宅舍如,1814
宅舍如荒,282
子,1228
子复,1051
天,848
天生,375
天生细,862
天生细碎,2169
高,2045
高谈,85
高谈雄,446
高谈雄辨,1534
高谈雄辨惊,2179
高谈雄辨惊四,1968
林,1268
林端,258
林端意,1463
林端意渺,1337
台,869
台阁,1757
台阁仁,291
台阁仁贤,2178
辄,613
辄拟,27
辄拟偃,1285
辄拟偃溟,520
况,1228
况复,2047
况复秦,98
况复秦兵,802
况复秦兵耐,417
况复秦兵耐苦,1167
清,1377
清风,464
清风期,1097
清风期再,107
凯,1060
凯旋,742
凯旋献,965
凯旋献清,143
不,898
不忍,925
不忍便,1955
不忍便永,548
万,2066
万里,1049
万里方,1326
万里方看,1028
万里方看汗,2243
万里方看汗流,2216
人,919
人事,1498
人事有,1809
人事有代,1973
苑,878
苑中,1062
苑中騋,1652
苑中騋牝,1623
苑中騋牝三,1882
苑中騋牝三千,1626
万,1748
万国,1182
万国思,1634
万国思无,845
离,132
离情,1971
离情任,2156
离情任吐,285
地,1474
地平,1536
地平水,1195
林,881
林栖,463
林栖居,835
林栖居士,1760
见,1125
见尽,755
见尽数,1780
见尽数万,2066
兹,838
兹夕,1034
兹夕为,198
兹夕为谁,183
大,1056
大夫,405
大夫鹊,621
大夫鹊印,2226
大夫鹊印摇,2026
大夫鹊印摇边,452
虚,946
虚薄,1632
虚薄滥,1035
虚薄滥先,1220
古,1035
古先,513
古先莫,17
古先莫能,1360
昏,1400
昏定,927
昏定须,1256
昏定须温,915
欲,113
欲告,965
欲告清,1213
欲告清宴,1753
江,741
江汉,1580
江汉之,1654
紫,974
紫鸽,992
紫鸽下,2291
紫鸽下罘,1532
本,378
本朝,1303
本朝心,105
本朝心是,198
近,348
近闻,992
近闻下,402
近闻下诏,699
近闻下诏喧,1054
近闻下诏喧都,1546
君,667
君不,1016
君不见,1353
君不见左,1598
君不见左辅,323
君不见左辅白,201
君不见左辅白沙,1291
君不见左辅白沙如,323
君不见左辅白沙如白,1536
昆,1202
昆仑,1706
昆仑以,1164
仍,80
仍唱,2253
仍唱胡,65
仍唱胡歌,693
仍唱胡歌饮,1054
仍唱胡歌饮都,803
啼,363
啼声,342
啼声已,400
啼声已绕,1039
重,1706
重以,2334
重以观,1743
重以观鱼,1149
万,1536
万水,1225
万水泻,1034
万水泻为,888
钟,768
钟鼓,293
钟鼓馔,1526
钟鼓馔玉,667
钟鼓馔玉不,2143
钟鼓馔玉不足,445
愿,1639
愿及,312
愿及芳,1515
愿及芳年,322
半,955
半出,1694
半出青,6
半出青林,1131
时,1792
时赴,953
时赴郑,1408
时赴郑老,958
时赴郑老同,1575
时赴郑老同襟,464
会,927
会须,272
会须一,693
会须一饮,1623
会须一饮三,1958
会须一饮三百,42
公,1425
公子,902
公子华,1968
公子华筵,29
公子华筵势,2186
公子华筵势最,1131
动,1291
动如,1665
动如参,2248
动如参与,1833
时,1199
时时,2248
时时与,90
时时与酒,2259
系,718
系马,879
系马堂,826
系马堂阶,992
声,559
声吹,1796
声吹鬼,2285
声吹鬼神,992
遥,921
遥寄,1077
遥寄式,1603
遥寄式微,1913
扫,245
扫除,2104
扫除似,1634
扫除似无,2131
神,1644
神凝,384
神凝推,712
神凝推道,366
年,183
年多,2169
年多物,882
年多物化,561
年多物化空,493
年多物化空形,1505
登,2251
登兹,494
登兹翻,1958
登兹翻百,1438
荐,2166
荐衡,1318
荐衡昔,1845
荐衡昔日,1423
荐衡昔日知,1436
荐衡昔日知文,2239
以,1620
以壮,1069
以壮我,499
以壮我元,1104
与,1573
与倚,1767
与倚春,1377
与倚春风,482
与倚春风弄,452
与倚春风弄月,2095
风,1347
风涛,2020
风涛怒,1595
风涛怒犹,500
芰,1979
芰荷,1344
芰荷薰,1779
芰荷薰讲,915
听,2094
听听,1748
听听国,183
听听国多,1458
淘,1010
淘米,43
淘米少,1538
淘米少汲,1536
动,1195
动静,567
动静随,297
动静随所,1876
鲛,2074
鲛人,742
鲛人献,1603
鲛人献微,275
如,1569
如何,634
如何望,910
如何望故,1748
野,2074
野人,1385
野人旷,791
野人旷荡,1634
野人旷荡无,1110
野人旷荡无靦,2313
梦,2118
梦嘉,660
至,271
至今,1694
至今青,783
至今青冥,2066
共,484
共此,2202
共此灯,624
共此灯烛,1410
箫,1105
箫管,851
箫管凤,1238
箫管凤初,998
僚,618
僚寀,1442
僚寀争,187
僚寀争攀,1776
道,1764
道傍,107
道傍过,1674
道傍过者,151
道傍过者问,1141
道傍过者问行,2074
下,1498
下有,1604
下有欲,1367
下有欲落,532
水,2114
水面,452
水面月,955
水面月出,1698
水面月出蓝,438
水面月出蓝田,560
林,453
林壑,1753
林壑罢,160
林壑罢樵,2301
斥,438
斥田,1972
裴,1079
裴李,1767
裴李春,1547
裴李春兰,477
兴,998
兴来,6
兴来林,105
兴来林是,1760
此,1141
此行,2185
此行既,2015
此行既特,849
一,67
一渠,1304
一渠东,846
一渠东注,312
一渠东注芳,902
一渠东注芳华,1452
河,1932
河梁,399
河梁幸,1931
河梁幸未,1375
侧,770
侧塞,952
侧塞被,3
侧塞被径,2057
若,2046
若使,1388
若使威,1208
若使威可,1706
若使威可以,59
问,1580
问之,667
问之不,391
问之不肯,712
问之不肯道,476
问之不肯道姓,1619
细,1378
细柳,511
细柳新,2088
细柳新蒲,1034
细柳新蒲为,198
细柳新蒲为谁,527
根,1507
根柢,1580
根柢之,2226
烟,1410
烟光,738
烟光奈,838
烟光奈夕,1569
翾,667
翾不,1208
翾不可,208
江,542
江山,2130
江山留,1992
江山留胜,1320
美,2074
美人,1385
美人旷,1693
美人旷延,580
既,2317
既礼,511
既礼新,996
既礼新松,2298
化,1308
化作,593
化作长,551
化作长黄,673
孟,2158
孟贲,667
孟贲不,1214
孟贲不合,795
孟贲不合低,1435
孟贲不合低头,1952
孟贲不合低头入,1666
孟贲不合低头入蒿,2066
朝,1118
朝仪,1519
朝仪限,117
朝仪限霄,741
醉,878
醉中,95
醉中往,95
醉中往往,1862
醉中往往爱,317
醉中往往爱逃,1356
指,564
指点,1834
指点虚,1634
指点虚无,105
指点虚无是,215
指点虚无是征,2191
出,1016
出见,1061
出见盖,1498
出见盖有,843
但,1019
但自,1545
但自求,1248
但自求其,1917
君,667
君不,1016
君不见,1694
君不见青,697
君不见青海,1435
觉,998
觉来,1487
觉来泪,69
觉来泪滴,1555
觉来泪滴湘,750
觉来泪滴湘江,1536
非,1634
非无,190
非无歼,1227
非无歼殄,52
为,1875
为吾,1983
为吾安,1240
为吾安宝,562
萧,936
萧萧,542
萧萧山,2191
萧萧山路,1493
萧萧山路穷,1849
萧萧山路穷秋,313
论,1331
论功,120
论功超,1252
论功超五,1708
长,65
长歌,1946
长歌激,172
长歌激屋,1932
客,1425
客子,878
客子中,2018
客子中夜,478
鸣,1466
鸣攻,910
鸣攻故,1498
鸣攻故有,2152
银,354
银鞍,2023
银鞍绣,2044
银鞍绣毂,2098
银鞍绣毂盛,1490
银鞍绣毂盛繁,902
恐,1929
恐汝,1207
恐汝后,1199
恐汝后时,300
恐汝后时难,1938
恐汝后时难独,1482
君,667
君不,348
君不闻,741
君不闻汉,1643
君不闻汉家,542
君不闻汉家山,1304
君不闻汉家山东,495
君不闻汉家山东二,1958
君不闻汉家山东二百,1324
潭,1195
潭静,1604
潭静欲,2130
潭静欲留,663
同,476
同姓,2326
同姓古,297
同姓古所,340
翻,1333
翻手,1308
翻手作,1379
翻手作云,325
翻手作云覆,1333
翻手作云覆手,313
局,268
局促,1169
局促伤,448
局促伤樊,1826
藤,1219
藤架,451
藤架引,2079
藤架引梢,593
青,783
青冥,2096
青冥却,2012
青冥却垂,2299
数,1087
数茎,323
数茎白,478
数茎白发,168
数茎白发那,2035
数茎白发那抛,721
二,1449
二主,1889
春,1377
春风,1635
春风忆,1709
春风忆镜,1864
借,151
借问,1498
借问有,90
借问有酒,667
雨,363
雨声,512
雨声飕,512
雨声飕飕,369
雨声飕飕催,1786
雨声飕飕催早,1848
左,1037
左相,1845
左相日,1837
左相日兴,582
左相日兴费,1780
左相日兴费万,2259
恢,272
恢一,1049
不,927
不须,348
不须闻,484
不须闻此,258
不须闻此意,1476
不须闻此意惨,122
含,2286
含烟,1378
含烟柳,2274
含烟柳尚,1694
天,678
天阴,860
天阴对,522
天阴对图,1822
致,2014
致身,427
致身福,664
致身福地,1569
致身福地何,936
致身福地何萧,901
细,637
细蕊,2105
细蕊慢,706
细蕊慢逐,1377
麹,1616
麹氏,85
麹氏雄,472
麹氏雄西,2148
家,1634
家无,1936
家无儋,532
家无儋石,1827
家无儋石输,1958
家无儋石输百,1780
奋,667
奋不,1706
奋不以,2060
箫,768
箫鼓,791
箫鼓荡,2179
箫鼓荡四,1285
颇,73
颇遭,1865
颇遭官,593
颇遭官长,2059
黄,924
黄昏,2253
黄昏胡,1249
黄昏胡骑,988
黄昏胡骑尘,1829
黄昏胡骑尘满,544
惟,2074
惟人,1580
惟人之,1032
入,1919
入门,1965
入门天,394
入门天厩,1088
入门天厩皆,1379
入门天厩皆云,628
一,1056
一夫,2103
一夫则,440
啖,1706
啖以,540
相,1291
相如,1031
相如逸,576
相如逸才,657
相如逸才亲,303
相如逸才亲涤,418
神,102
神女,1584
神女鸣,917
神女鸣环,1073
斥,1622
斥余,1875
霜,20
霜严,975
霜严衣,1334
霜严衣带,2277
令,2074
令人,478
令人发,1962
令人发深,22
广,1896
广陵,1037
广陵相,50
广陵相遇,1753
分,1333
分手,1156
分手恋,386
分手恋朋,132
壶,579
壶觞,2040
壶觞趣,667
壶觞趣不,561
母,1034
母为,450
母为妾,664
母为妾地,1078
母为妾地父,450
母为妾地父妾,1965
儿,102
儿女,1192
儿女忽,2208
儿女忽成,1141
浮,1379
浮云,1823
浮云遮,2096
浮云遮却,1686
浮云遮却阳,560
浮云遮却阳关,712
蔬,1703
蔬食,1609
蔬食常,667
蔬食常不,1763
词,135
词臣,854
词臣陪,38
词臣陪羽,991
早,348
早闻,1335
早闻牛,1618
早闻牛渚,1052
相,1423
相知,1699
相知在,1842
相知在急,300
得,311
得失,199
得失计,1924
得失计毫,40
震,1511
震赫,1780
震赫万,1748
几,483
几岁,921
几岁寄,1069
几岁寄我,561
几岁寄我空,878
几岁寄我空中,1679
中,879
中堂,557
中堂舞,2285
中堂舞神,203
东,2051
东郊,1569
东郊何,1199
东郊何时,911
江,596
江楚,641
江楚气,85
江楚气雄,507
石,438
石田,1282
石田茅,172
石田茅屋,1814
石田茅屋荒,1987
石田茅屋荒苍,2139
庶,302
庶绩,83
庶绩咸,530
邀,1952
邀入,1981
邀入赤,996
邀入赤松,1643
超,1337
超然,779
超然欢,89
超然欢笑,958
玉,1339
玉绳,711
玉绳回,2277
玉绳回断,1581
幽,456
幽灵,1259
幽灵斯,1208
幽灵斯可,1038
负,1157
负南,1988
负南极,1706
负南极以,1983
一,634
一望,667
一望不,1016
一望不见,1303
一望不见心,2277
一望不见心断,1581
豺,1521
豺狼,1699
豺狼在,1546
豺狼在邑,1747
豺狼在邑龙,1699
豺狼在邑龙在,760
平,2095
平明,2243
平明流,2216
平明流血,1720
平明流血浸,561
平明流血浸空,544
平,1864
平台,1228
平台复,712
平台复道,741
平台复道汉,1932
平台复道汉梁,278
甚,1423
甚知,250
甚知丈,2074
甚知丈人,2073
惟,1498
惟有,693
惟有饮,1674
惟有饮者,2130
惟有饮者留,1248
惟有饮者留其,1619
言,1907
言归,968
言归旧,1760
言归旧竹,6
庶,844
庶结,1282
庶结茅,1151
庶结茅茨,1977
轗,1328
轗轲,2152
轗轲辞,992
轗轲辞下,777
白,572
白简,1701
白简徒,384
白简徒推,1022
吟,1732
吟会,105
吟会是,1182
吟会是思,1907
更,1140
更起,1034
更起为,1166
更起为君,773
监,1831
监牧,1466
监牧攻,704
监牧攻驹,2267
监牧攻驹阅,965
监牧攻驹阅清,473
安,721
安得,1789
安得诛,1379
安得诛云,866
锦,975
锦衣,2003
锦衣昼,667
锦衣昼不,1887
岂,1323
岂但,2263
岂但祁,2157
岂但祁岳,2248
岂但祁岳与,953
岂但祁岳与郑,1122
浮,1965
浮天,1799
授,1706
授以,2285
授以神,714
开,2057
开花,1634
开花无,755
开花无数,551
开花无数黄,2006
开花无数黄金,2259
观,561
观空,1551
观空厌,1498
观空厌有,493
巢,601
巢岐,693
巢岐饮,119
业,323
业白,955
业白出,532
业白出石,1497
赠,484
赠此,620
赠此遣,466
赠此遣愁,1448
往,998
往来,2208
往来成,2326
往来成古,271
地,965
地清,881
地清栖,2170
地清栖暗,312
火,1379
火云,1634
火云无,1199
火云无时,955
露,1915
露叶,1406
露叶承,511
露叶承新,1587
不,1545
不求,551
不求黄,2006
不求黄金,1826
不求黄金笼,992
不求黄金笼下,848
蛮,619
蛮夷,1272
蛮夷九,1594
儒,1185
儒术,2077
儒术于,1069
儒术于我,1569
儒术于我何,1498
儒术于我何有,507
雨,894
雨露,445
雨露贵,1474
雨露贵平,2033
岁,1848
岁寒,1569
岁寒何,1685
岁寒何用,322
旅,1703
旅食,323
旅食白,1845
旅食白日,593
丰,365
丰草,1694
丰草青,1694
丰草青青,1848
丰草青青寒,667
丰草青青寒不,54
不,1016
不见,341
不见昨,1845
不见昨日,2074
欲,1688
欲觉,348
欲觉闻,1437
欲觉闻晨,96
光,819
光抱,561
光抱空,878
光抱空中,1042
自,1208
自可,1369
自可持,87
自可持旌,563
释,1425
释子,1067
释子弥,1965
释子弥天,1646
今,656
今宵,1048
今宵泉,453
今宵泉壑,2066
仿,2252
仿像,2123
仿像识,987
仿像识鲛,2074
每,2077
每于,1958
每于百,2004
每于百僚,2120
山,1042
山楼,1308
山楼作,419
山楼作赋,911
衣,546
衣沾,1767
衣沾春,313
衣沾春雨,1199
利,1860
利泽,1067
利泽弥,1780
利泽弥万,218
鸿,2191
鸿路,1498
鸿路有,783
鸿路有冥,783
故,1846
故园,1523
故园欣,322
故园欣赏,1760
何,1199
何时,272
何时一,42
何时一杯,90
甲,1668
甲第,1882
甲第千,79
甲第千甍,1063
甲第千甍分,2210
甲第千甍分戚,2066
自,2037
自说,750
自说江,1692
自说江湖,667
自说江湖不,1907
自说江湖不归,919
举,1435
举头,28
举头向,1987
举头向苍,1965
波,1347
波涛,1780
波涛万,2164
波涛万顷,590
波涛万顷堆,2339
波涛万顷堆琉,235
所,2316
所愿,231
所愿亦,1070
所愿亦易,1545
天,1425
天子,165
天子呼,998
天子呼来,667
天子呼来不,2120
天子呼来不上,663
发,1579
发匀,734
发匀肉,1168
发匀肉好,848
发匀肉好生,1767
发匀肉好生春,1402
作,296
作尉,1493
作尉穷,2234
作尉穷谷,1136
心,2277
心断,1581
弥,965
弥清,988
弥清尘,1325
弥清尘外,1303
玉,389
玉井,1987
玉井苍,2139
玉井苍苔,1767
玉井苍苔春,1884
玉井苍苔春院,1962
郊,1513
郊桑,1084
郊桑柔,527
郊桑柔绿,985
北,109
北辕,1020
北辕就,1456
北辕就泾,119
空,2028
空蒙,446
空蒙辨,1743
空蒙辨鱼,458
沙,1452
沙苑,2016
沙苑交,711
沙苑交回,1736
微,2274
微尚,766
微尚颇,231
微尚颇亦,958
式,2199
式和,1706
式和以,971
即,919
即事,1620
即事壮,1807
即事壮重,1134
应,1423
应知,667
应知不,1212
应知不染,1303
大,750
大江,494
大江翻,609
大江翻澜,2285
大江翻澜神,1245
大江翻澜神曳,2286
君,1326
君看,968
君看旧,1845
君看旧日,1131
君看旧日高,1864
君看旧日高台,385
尘,1823
尘遮,1267
尘遮晚,1845
尘遮晚日,1427
小,1198
小儿,1303
小儿心,2067
小儿心孔,911
皇,412
皇旅,39
文,532
文石,2209
文石陛,359
文石陛前,2152
文石陛前辞,78
文石陛前辞圣,1449
惠,1276
惠远,1567
惠远德,107
惠远德过,2074
残,42
残杯,2248
残杯与,646
残杯与冷,1658
拂,1536
拂水,795
拂水低,1544
拂水低徊,557
拂水低徊舞,1565
拂水低徊舞袖,494
绮,2023
绮绣,1037
绮绣相,1064
绮绣相展,1231
暖,383
暖客,1265
暖客貂,821
暖客貂鼠,2087
好,1333
好手,667
好手不,1208
好手不可,50
为,198
为谁,2243
为谁流,992
为谁流下,1695
为谁流下蓼,2057
为谁流下蓼花,878
肉,1768
肉骏,228
肉骏碨,367
肉骏碨礌,1455
肉骏碨礌连,2259
肉骏碨礌连钱,45
唯,1035
唯先,1688
忧,1268
忧端,1045
忧端齐,439
忧端齐终,1157
高,1131
高高,726
高高翠,1603
高高翠微,2066
威,48
威武,352
威武辉,1734
今,1845
今日,1445
今日美,2074
今日美人,26
今日美人弃,1069
今日美人弃我,565
王,1485
王刘,1445
王刘美,1760
王刘美竹,1043
世,2074
世人,168
世人那,721
世人那得,1423
世人那得知,1248
世人那得知其,910
何,826
何阶,1425
何阶子,1049
何阶子方,925
带,72
带雪,243
带雪梅,1238
带雪梅初,1835
展,915
展席,86
展席俯,593
展席俯长,2243
乐,45
乐动,1585
乐动殷,292
乐动殷樛,236
汤,2294
汤休,1140
汤休起,1069
汤休起我,440
旷,760
旷野,1749
旷野怀,1440
旷野怀咫,2213
五,764
五言,752
五言宁,1973
五言宁谢,2313
五言宁谢颜,1410
五言宁谢颜光,1055
挂,915
挂席,1123
挂席钓,301
挂席钓川,1712
仙,1643
仙家,471
仙家信,114
仙家信几,1962
春,1410
春光,1354
春光澹,1006
春光澹沱,2047
春光澹沱秦,1304
春光澹沱秦东,1203
名,542
名山,1054
名山都,1931
名山都未,1710
谁,1870
谁念,1724
谁念卧,2002
谁念卧漳,2005
微,89
微笑,294
微笑索,2278
微笑索题,661
浮,1962
浮深,1250
浮深簸,791
浮深簸荡,335
浮深簸荡鼋,219
浮深簸荡鼋鼍,2001
云,2169
云物,105
云物是,965
云物是清,1849
鹏,150
鹏鶱,875
鹏鶱骇,1294
鹏鶱骇群,1747
足,1706
足以,1128
足以慰,297
足以慰所,1182
调,1131
调高,1447
调高弦,1581
调高弦绝,1634
调高弦绝无,1423
调高弦绝无知,720
公,1425
公子,107
公子过,1069
公子过我,2246
叹,1394
叹息,429
叹息肠,1785
叹息肠内,1106
留,383
留客,1750
留客醉,511
留客醉新,2081
老,85
老雄,54
虚,1448
虚寂,1852
虚寂养,2014
虚寂养身,2199
下,1498
下有,95
下有往,998
下有往来,1301
朝,162
朝趋,1208
朝趋可,1216
朝趋可刷,2174
朝趋可刷幽,409
朝趋可刷幽并,2018
铁,763
铁锁,1131
铁锁高,2012
铁锁高垂,667
铁锁高垂不,1208
铁锁高垂不可,187
融,798
融大,1676
时,1372
时菊,862
时菊碎,1707
时菊碎榛,1599
长,1983
长安,803
长安市,2120
长安市上,90
长安市上酒,1643
长安市上酒家,1805
隐,463
隐居,667
隐居不,1208
隐居不可,1016
驱,314
驱车,1414
驱车还,28
驱车还向,1304
松,283
松柏,2039
松柏映,1176
松柏映香,1864
屋,1
屋底,849
屋底达,1865
屋底达官,330
屋底达官走,904
屋底达官走避,2253
天,664
天地,1498
天地有,652
天地有顺,1187
群,1364
群木,1536
群木水,1410
群木水光,992
苏,92
苏晋,593
苏晋长,1914
苏晋长斋,2023
苏晋长斋绣,754
苏晋长斋绣佛,359
匪,24
匪予,950
万,1793
万株,420
万株杨,1378
万株杨柳,1528
万株杨柳拂,654
万株杨柳拂波,2012
五,1896
五陵,198
五陵谁,80
五陵谁唱,2248
五陵谁唱与,1767
五陵谁唱与春,1377
文,2160
文彩,407
文彩珊,604
文彩珊瑚,443
蔡,2307
蔡侯,1195
蔡侯静,1674
蔡侯静者,258
蔡侯静者意,1498
蔡侯静者意有,1124
文,515
文章,2070
文章应,1396
文章应解,274
文章应解伴,137
文章应解伴牢,466
先,848
先生,1498
先生有,576
先生有才,107
先生有才过,248
先生有才过屈,110
既,1931
既未,1000
既未免,847
既未免羁,2206
几,2074
几人,366
几人经,484
几人经此,1634
几人经此无,1849
几人经此无秋,132
一,1763
一饱,2103
一饱则,392
一饱则飞,713
专,994
专坤,949
广,1436
广文,1035
广文先,848
广文先生,951
广文先生饭,667
广文先生饭不,2143
贪,1965
贪天,34
贪天僭,664
贪天僭地,198
贪天僭地谁,667
贪天僭地谁不,1034
袒,695
袒跣,667
袒跣不,391
袒跣不肯,2208
袒跣不肯成,1101
袒跣不肯成枭,724
归,1724
归卧,2234
归卧谷,1619
归卧谷名,1405
芳,1213
芳宴,484
芳宴此,1199
芳宴此时,460
日,739
日籴,97
日籴太,538
日籴太仓,1252
日籴太仓五,1451
日籴太仓五升,1010
名,2243
名流,1659
名流即,712
名流即道,2243
高,692
高帝,1425
高帝子,1404
高帝子孙,1125
高帝子孙尽,729
高帝子孙尽隆,676
丁,1176
丁香,71
丁香筇,1760
丁香筇竹,2151
丁香筇竹啼,1408
丁香筇竹啼老,1018
演,1721
演漾,1447
演漾弦,65
演漾弦歌,720
劳,848
劳生,1380
劳生愧,20
劳生愧严,953
自,12
自称,135
自称臣,105
自称臣是,90
自称臣是酒,878
自称臣是酒中,203
可,674
可怜,2165
可怜团,2165
可怜团团,1915
巢,183
巢多,2060
巢多众,941
巢多众鸟,2321
深,2102
深藏,1286
深藏供,1408
深藏供老,306
图,1153
图掎,811
时,80
时唱,1899
时唱接,447
时唱接z,1880
时唱接z5,65
反,105
反是,848
反是生,102
反是生女,1168
七,241
七星,1699
七星在,2148
七星在北,284
箫,1105
箫管,513
箫管莫,1037
箫管莫相,369
百,483
百岁,927
百岁须,1045
百岁须齐,277
百岁须齐卫,48
百岁须齐卫武,784
十,579
十觞,231
十觞亦,667
十觞亦不,1750
宣,622
宣唐,1377
轩,314
轩车,2074
轩车人,342
轩车人已,1173
幼,1425
幼子,1818
幼子饥,342
幼子饥已,649
屈,1791
屈r,1843
屈rH,1076
池,1536
池水,1595
池水犹,276
池水犹含,1075
挥,482
挥弄,1399
挥弄滑,2115
挥弄滑且,1084
岁,452
岁月,1694
岁月青,996
岁月青松,1408
水,1042
水楼,272
水楼一,1220
水楼一登,1218
自,1956
自非,1385
自非旷,835
自非旷士,1749
文,1679
文书,2246
文书游,1788
文书游夏,1701
词,419
词赋,45
词赋动,1686
词赋动阳,1767
与,1166
与君,1846
与君园,1470
与君园庐,409
怀,511
怀新,815
怀新目,2104
怀新目似,1876
登,1492
登危,912
登危聚,730
登危聚麋,1516
乌,459
乌鸢,1569
乌鸢何,297
乌鸢何所,2028
朝,1845
朝日,64
朝日敛,1427
朝日敛红,2286
贵,214
贵贱,355
贵贱俱,2169
贵贱俱物,1638
长,1983
长安,246
长安布,975
长安布衣,198
长安布衣谁,1895
长安布衣谁比,755
岁,998
岁来,1991
岁来侵,2026
世,223
世业,1591
世业传,2146
世业传珪,978
信,1423
信知,848
信知生,1341
信知生男,703
风,1379
风云,342
风云已,1367
风云已落,1849
山,895
山河,1231
山河转,2046
山河转使,314
要,1956
要非,1303
要非心,297
要非心所,657
穷,2038
穷竟,2001
穷竟窟,2107
厨,2074
厨人,460
厨人具,2089
厨人具鸡,961
精,1603
精微,1816
精微穿,1285
精微穿溟,1090
君,1425
君子,1235
君子强,1232
君子强逶,922
何,208
何当,852
何当摆,1373
何当摆俗,550
山,2102
山藏,1350
山藏伯,2247
山藏伯禹,1917
川,1209
川广,667
川广不,1208
川广不可,967
皇,1580
皇之,78
行,1379
行云,392
行云飞,565
行云飞去,2095
行云飞去明,241
行云飞去明星,782
边,1203
边亭,2243
边亭流,2216
边亭流血,2208
边亭流血成,697
边亭流血成海,1536
清,1453
清池,1852
清池养,2285
清池养神,2328
岱,2320
岱宗,1056
岱宗夫,1291
岱宗夫如,1569
异,1176
异香,46
异香泱,433
异香泱漭,1840
缭,400
缭绕,1780
缭绕万,1643
缭绕万家,389
一,2106
一丸,2275
一丸致,1133
一丸致毙,2057
一丸致毙花,1599
一丸致毙花丛,2066
崔,1857
崔徐,1320
崔徐迹,1931
崔徐迹未,1733
观,1410
观光,998
观光来,2120
观光来上,1161
归,1249
归骑,838
归骑夕,1686
归骑夕阳,369
有,2104
有似,2174
有似幽,409
有似幽并,1198
是,1841
是节,1304
是节东,167
是节东篱,1372
客,258
客意,342
客意已,1534
客意已惊,1849
居,1337
居然,2208
居然成,77
居然成濩,1367
危,826
危阶,602
危阶根,1694
危阶根青,783
四,1780
四万,31
四万义,1647
四万义军,958
四万义军同,1845
四万义军同日,54
疾,1377
疾风,1131
疾风高,1254
疾风高冈,242
连,1787
连熊,708
欣,1710
欣逢,283
欣逢柏,1864
欣逢柏台,1954
山,301
山川,1367
山川落,1543
山川落照,1199
漂,201
漂沙,1375
漂沙坼,966
漂沙坼岸,565
争,1210
争树,1442
争树争,1302
争树争巢,1952
争树争巢入,796
争树争巢入营,54
夏,1845
夏日,1282
夏日茅,1914
夏日茅斋,2066
开,1605
开轩,800
开轩琴,452
开轩琴月,594
士,1498
士有,667
士有不,721
士有不得,1046
支,792
支遁,1238
支遁初,1545
支遁初求,712
祠,1865
祠官,378
祠官朝,1016
祠官朝见,241
阑,1377
阑风,593
阑风长,313
阑风长雨,1849
阑风长雨秋,918
阑风长雨秋纷,918
君,667
君不,1016
君不见,1131
君不见高,879
君不见高堂,2095
君不见高堂明,1709
君不见高堂明镜,772
君不见高堂明镜悲,323
君不见高堂明镜悲白,478
许,848
许生,1252
许生五,1864
许生五台,1296
恐,1253
恐触,1965
恐触天,1909
恐触天柱,1083
故,1938
故独,2322
故独写,2073
故独写真,1591
故独写真传,2097
故独写真传世,2074
重,2248
重与,319
重与季,261
重与季鹰,687
贪,721
贪得,1732
贪得会,1634
贪得会无,338
青,1042
青楼,256
青楼珠,1201
青楼珠箔,1965
青楼珠箔天,1580
青楼珠箔天之,509
耕,1123
耕钓,1049
耕钓方,1019
耕钓方自,1031
千,1249
千骑,2046
千骑使,1166
千骑使君,2246
惟,602
惟根,1580
惟根之,260
府,2004
府僚,17
府僚能,1382
府僚能枉,1608
御,1996
御厨,1389
御厨络,832
御厨络绎,1561
御厨络绎送,480
御厨络绎送八,1129
泊,1362
泊舟,1533
泊舟浔,1686
泊舟浔阳,1434
不,721
不得,1037
不得相,2204
不得相追,567
始,348
始闻,2002
始闻漳,1098
始闻漳浦,1724
烹,1747
烹龙,1847
烹龙炮,851
烹龙炮凤,1526
烹龙炮凤玉,1183
烹龙炮凤玉脂,1631
焉,1685
焉用,1493
焉用穷,1814
焉用穷荒,1034
赫,74
赫炎,288
赫炎溥,748
直,105
直是,120
直是超,1337
直是超然,1252
直是超然五,1692
直是超然五湖,383
奔,232
奔鲸,173
吾,712
吾道,530
吾道正,847
吾道正羁,1961
沾,1416
沾洒,667
沾洒不,632
沾洒不濡,664
朗,1337
朗然,1214
朗然合,97
朗然合太,965
行,412
行旅,1037
行旅相,187
行旅相攀,587
潇,1416
潇洒,1619
潇洒名,1189
潇洒名儒,2238
潇洒名儒振,2326
潇洒名儒振古,1377
采,1488
采撷,375
采撷细,995
采撷细琐,1451
采撷细琐升,878
采撷细琐升中,879
瑶,2306
瑶姬,272
瑶姬一,565
瑶姬一去,272
瑶姬一去一,1882
瑶姬一去一千,1515
相,1748
相国,968
相国旧,1453
相国旧池,1864
陶,1973
陶谢,667
陶谢不,347
陶谢不枝,1592
含,466
含愁,2221
含愁更,2009
含愁更奏,527
含愁更奏绿,533
含愁更奏绿绮,800
轻,66
轻肥,2265
轻肥异,95
轻肥异往,1515
著,1915
著叶,1829
著叶满,347
著叶满枝,726
著叶满枝翠,38
著叶满枝翠羽,1061
青,542
青山,839
青山隐,839
青山隐隐,1536
青山隐隐水,1495
青山隐隐水迢,1495
万,2066
万里,198
万里谁,17
万里谁能,2296
猛,641
猛气,1595
猛气犹,1182
猛气犹思,1167
猛气犹思战,1948
猛气犹思战场,1499
大,1775
大漠,1239
临,2243
临流,2072
临流恨,1396
临流恨解,163
朱,1919
朱门,90
朱门酒,734
朱门酒肉,1868
琴,65
琴歌,760
琴歌野,1837
琴歌野兴,1428
魂,392
魂飞,1717
同,779
同欢,1699
同欢在,52
同欢在法,1968
一,2169
一物,1019
一物自,1979
一物自荷,1299
一物自荷皇,1965
一物自荷皇天,943
晓,452
晓月,674
晓月怜,21
晓月怜筝,1909
太,1080
太史,2273
太史候,25
太史候凫,1505
丝,1105
丝管,2276
丝管啁,1255
丝管啁啾,561
丝管啁啾空,726
丝管啁啾空翠,998
闻,1166
闻君,1986
闻君扫,2096
闻君扫却,1981
闻君扫却赤,948
闻君扫却赤县,522
牵,975
牵衣,1120
牵衣顿,2143
牵衣顿足,855
牵衣顿足阑,712
牵衣顿足阑道,2331
天,1536
天水,1037
天水相,2248
天水相与,1955
徒,1498
徒有,1900
徒有济,301
徒有济川,1303
停,481
停策,741
停策汉,678
停策汉阴,183
自,585
自亡,1248
自亡其,1701
更,306
更宿,1687
更宿招,2281
更宿招提,1279
新,1203
新亭,844
新亭结,1811
新亭结构,1753
才,1619
才名,2179
才名四,874
才名四十,1515
飘,1174
飘飖,1896
飘飖陵,2133
飘飖陵浊,1456
惟,1359
惟钺,1580
惟钺之,1837
座,878
座中,2022
座中殊,1931
座中殊未,1140
迥,1459
迥瞰,2193
迥瞰周,1474
迥瞰周平,760
玉,1611
玉殿,600
玉殿莓,2139
玉殿莓苔,1694
庶,95
庶往,1774
庶往共,1818
庶往共饥,2255
百,2090
百罚,1962
百罚深,42
百罚深杯,231
百罚深杯亦,667
百罚深杯亦不,2152
背,1207
背后,1569
背后何,297
背后何所,1016
汀,210
汀洲,1767
汀洲春,365
汀洲春草,848
来,2246
来游,1536
来游水,532
来游水石,169
汝,2014
